https://www.somoynews.tv/news/2021-06-13/%E0%A6%AE%E0%A7%80%E0%A6%B0%E0%A6%93-%E0%A6%9B%E0%A6%BE%E0%A7%9C%E0%A6%B2%E0%A7%87%E0%A6%A8-%E0%A6%A8%E0%A6%BE-%E0%A6%A8%E0%A7%81%E0%A6%B8%E0%A6%B0%E0%A6%BE%E0%A6%A4%E0%A6%95%E0%A7%87-,"মীরও ছাড় দিলেন না নুসরাতকে","বিনোদন প্রতিবেদক","বিনোদন ও লাইফস্টাইল"," ১৩ জুন, ২০২১","N/A","শুক্রবার (১১ জুন) তিনি একটি পোস্ট করেন ফেসবুকে। লেখেন, ‘ইউরো কাপ ২০২০-তে আজ ইটালি আর আর একটা দেশের ম্যাচ। যে দেশে কেউ এক জন বিয়ে করেছিলেন, বা করেননি’।","সাংসদ-অভিনেত্রী নুসরাত জাহানকে ঘিরে বিনোদন পাড়ায় উত্তেজনা। নিখিল জৈনের সঙ্গে তার সম্পর্কের নাম পাল্টে দিলেন নায়িকা। বিয়েকে রূপ দিলেন ‘লিভ ইন সম্পর্কে’! এরপর থেকেই আক্রমণের থাবা বয়ে যাচ্ছে নুসরাতের ওপর। সে তালিকায় এবার যোগ দিলেন কলকাতার জনপ্রিয় সঞ্চালক, অভিনেতা মীর আফসার আলিও?শুক্রবার (১১ জুন) তিনি একটি পোস্ট করেন ফেসবুকে। লেখেন, ‘ইউরো কাপ ২০২০-তে আজ ইটালি আর আর একটা দেশের ম্যাচ। যে দেশে কেউ একজন বিয়ে করেছিলেন, বা করেননি।’শুক্রবার মধ্যরাতে ইউরো কাপে মুখোমুখি হয়েছিল ইটালি এবং তুরস্ক। ইউরো কাপের প্রথম ম্যাচ দেখতে দেখতেই মীর এ পোস্টটি করেন। নাম উল্লেখ না করে তিনি নুসরাতকে নিয়েই মশকরা করেছেন বলে ধারণা নেটাগরিকদের।এরআগে নুসরাত বলেন, নিখিলের সঙ্গে আমি একসঙ্গে থেকেছি। এটা বিয়ে না। ফলে বিয়ে-বিচ্ছেদের প্রশ্নই ওঠে না। এ বিষয়ে জানতে চাইলে নিখিল ভারতীয় সংবাদমাধ্যমকে সাফ বলে দেন, আদালতে দেখা হবে।নিখিল জৈনের সঙ্গে লিভ-ইন সম্পর্কে ছিলেন বলে দাবি সন্তানসম্ভবা নুসরত জাহানের। তুরস্কের বিবাহ আইন ও ভারতে দুই ভিন্ন ধর্মাবলম্বী মানুষের জন্য বিশেষ বিবাহ আইনের যুক্তি দিয়ে সেই কথা প্রমাণ করার চেষ্টা করেন অভিনেত্রী-সাংসদ নুসরত।কিন্তু নুসরাত ও নিখিলের ‘বিয়ে’ বা ‘সহবাস’-এর যা-ই হোক’ কোনোটাই দু’জনের ব্যক্তিগত স্তরে সীমাবদ্ধ নেই আর। এই যুগলকে নিয়ে অন্তর্জালে আলোচনা চরমে। এবার নুসরাতকে ‘ট্রোল’ করতে নামলেন অভিনেত্রী শ্রীলেখা মিত্রও? তার একটি পোস্ট দেখে তেমনই প্রশ্ন জেগেছে নেটিজেনদের।এমন পরিস্থিতিতে ভারতীয় সংবাদমাধ্যম আনন্দবাজারের একটি লাইভে এসে সেই প্রশ্নের জবাব দিলেন শ্রীলেখা।তৃণমূল সাংসদ নুসরাতের বিবৃতি প্রকাশ পাওয়ার পর বামপন্থী শ্রীলেখা মিত্র ফেসবুকে লিখেছিলেন, ‘বিজেপিতে আমি এতদিন যোগদান করিনি। বিজেপির সঙ্গে লিভ-ইন এ ছিলাম। তাই বিজেপি ছাড়ার কোনো প্রশ্ন ওঠে না। ইতি মুকুল রায়’।শুক্রবার বিজেপি ছেড়ে ‘ঘর ওয়াপসি’ হয়েছে মুকুল রায় ও শুভ্রাংশুর রায়ের। সেই প্রসঙ্গে পোস্ট দিলেও তাতে নুসরাতকে খোঁটা দিতে ছাড়েননি শ্রীলেখা। তবে কি কোনোভাবে তিনিও অন্যকে ট্রোল করার জোয়ারে গা ভাসালেন?ট্রোল করার অভিযোগ অস্বীকার করলেন অভিনেত্রী।শ্রীলেখার কথায়, আমি সত্যি কথা বলেছি। আমি মনে করি, একজন জনপ্রতিনিধি যদি অসততার আশ্রয় নেন, তাহলে সেটা অনুচিত। সেই প্রসঙ্গে আমার পোস্ট। নুসরাতের ব্যক্তিগত জীবন নিয়ে আমি ভাবি না। কিন্তু এখন তাকে আমি কেবল একজন অভিনেত্রী হিসেবে দেখতে পারছি না। তিনি একজন সাংসদ বটে।একই সঙ্গে শ্রীলেখার মতে, যদি সব গুজব সত্যি হয়, তবে ‘বিয়ে’ ছেড়ে বেরিয়ে এসে অন্য এক মানুষকে ভালোবেসে, তার সন্তানকে গর্ভে ধারণ করার ঘটনা প্রশংসনীয়। 
শ্রীলেখা বললেন, নুসরাত এবং আমার জগৎ একেবারেই আলাদা। কখনোই তার ব্যক্তিগত জীবন নিয়ে কোনো মন্তব্য আমি করব না। এটা আমার স্বভাব না। তাই এটা ট্রোলিং না। অসততার বিরুদ্ধে মুখ খোলা।শ্রীলেখার প্রশ্ন, নির্বাচিত জনপ্রতিনিধি এবং সংসদের রেকর্ড অনুযায়ী তিনি নিখিল জৈনকে বিয়ে করেছেন। আবার এখন বলছেন, তিনি বিবাহিত নন। সে কথা আগে স্বীকার করেননি কেন নুসরাত?",0
https://www.somoynews.tv/news/2021-06-13/%E0%A6%AF%E0%A7%87-%E0%A6%95%E0%A6%BE%E0%A6%B0%E0%A6%A3%E0%A7%87-%E0%A6%95%E0%A6%BE%E0%A6%B0%E0%A6%BF%E0%A6%A8%E0%A6%BE%E0%A6%95%E0%A7%87-%E0%A6%AC%E0%A7%9F%E0%A6%95%E0%A6%9F%E0%A7%87%E0%A6%B0-%E0%A6%A1%E0%A6%BE%E0%A6%95,"যে কারণে কারিনাকে বয়কটের ডাক","বিনোদন ডেস্ক","বিনোদন ও লাইফস্টাইল"," ১৩ জুন, ২০২১","N/A","‘রামায়ণ’–এর ঘটনাকে পর্দায় তুলে ধরতে ‘সীতা’ নামে সিনেমা নির্মাণ করবেন বলিউডের পরিচালক অলৌকিক দেশাই। এতে কেন্দ্রীয় চরিত্রে অভিনয়ের প্রস্তাব দেয়া হয়েছিল কারিনা কাপুর খানকে। সেই ছবিতে কাজ করার জন্য ১২ কোটি রুপি পারিশ্রমিক চেয়েছেন কারিনা। এ খবর সংবাদমাধ্যমে প্রকাশের পর কারিনার ওপর চটে যান নেটিজেনরা। বলিউডের প্রথম সারির এই নায়িকার প্রতি ক্ষোভ উগরে দিতে টুইটারে হ্যাশট্যাগ ‘বয়কটকারিনাখান’ ট্রেন্ড শুরু হয়েছে।","শনিবার (১২ জুন) জি নিউজ এক প্রতিবেদনে জানিয়েছে, এ রকম চরিত্রে অভিনয়ের সুযোগ পেয়েও এত মোটা অংকের পারিশ্রমিক দাবি করাকে ‘অমানবিক’ আচরণ হিসেবে দেখছেন অনেকেই। কেউ আবার অভিযোগ তুলেছেন, হিন্দুদের ধর্মীয় অনুভুতিতে আঘাত করছেন কারিনা।‘সীতা’য় অভিনয়ের জন্য কয়েক মাস আগে কারিনাকে প্রস্তাব দেন পরিচালক অলৌকিক দেশাই। তিনি সিনেমাটির চিত্রনাট্যটি খুবই পছন্দ করেছেন। কিন্তু সিদ্ধান্ত জানানোর জন্য মাসখানিক সময় নেন।  জানা যায়, সিনেমাটিতে অভিনয়ের জন্য কারিনার সময় লাগবে ৮ থেকে ১০ মাস। যা তার অন্যান্য সিনেমার তুলনায় অনেক বেশি। সাধারণত তিনি সিনেমা প্রতি ৬ থেকে ৮ কোটি রুপি নিলেও এটির জন্য চাইছেন ১২ কোটি রুপি।কারিনার বিরোধিতা করতে টেনে আনা হয়েছে তার স্বামী সাইফ আলি খানের প্রসঙ্গও। অনেকের বক্তব্য, ‘তাণ্ডব’ এর মতো ওয়েব সিরিজে অভিনয় করে হিন্দুদের অনুভুতিতে আঘাত দিয়েছেন সাইফ। এ বার সেই পথে হাঁটছেন কারিনাও।এক নেটিজেন কটূক্তি করেছেন, ভারতীয় নাগরিক হিসেবে এমন একজন অভিনেত্রীকে সীতার চরিত্রে মেনে নেব না, যার হিন্দু ধর্মের প্রতি বিশ্বাস নেই। বলিউডের মাফিয়ারা হিন্দু ধর্মকে খারাপ ভাবে দেখাচ্ছে। যে শিল্পীরা ধর্মীয় ভাবাবেগে আঘাত করেন, তাদের বয়কট করা উচিত।এ রকম আরও অনেক নেতিবাচক মন্তব্যে ভরে গিয়েছে টুইটারের দেওয়াল। কারিনা যদিও সীতার চরিত্রে অভিনয় করার বিষয়ে মুখে কুলুপ এঁটেছেন।",1
https://www.somoynews.tv/news/2021-06-12/%E0%A6%A8%E0%A7%81%E0%A6%B8%E0%A6%B0%E0%A6%BE%E0%A6%A4%E0%A6%95%E0%A7%87-%E0%A6%9F%E0%A7%8D%E0%A6%B0%E0%A7%8B%E0%A6%B2!-%E0%A6%B2%E0%A6%BE%E0%A6%87%E0%A6%AD%E0%A7%87-%E0%A6%9C%E0%A6%AC%E0%A6%BE%E0%A6%AC-%E0%A6%A6%E0%A6%BF%E0%A6%B2%E0%A7%87%E0%A6%A8-%E0%A6%B6%E0%A7%8D%E0%A6%B0%E0%A7%80%E0%A6%B2%E0%A7%87%E0%A6%96%E0%A6%BE,"নুসরাতকে ট্রোল, লাইভে জবাব শ্রীলেখার","বিনোদন ডেস্ক","বিনোদন ও লাইফস্টাইল"," ১২ জুন, ২০২১","N/A","কিন্তু নুসরাত ও নিখিলের ‘বিয়ে’ বা ‘সহবাস’-এর যা-ই হোক’ কোনোটাই দু’জনের ব্যক্তিগত স্তরে সীমাবদ্ধ নেই আর। এই যুগলকে নিয়ে অন্তর্জালে আলোচনা চরমে। এবার নুসরাতকে ‘ট্রোল’ করতে নামলেন অভিনেত্রী শ্রীলেখা মিত্রও? তার একটি পোস্ট দেখে তেমনই প্রশ্ন জেগেছে নেটিজেনদের।","সাংসদ-অভিনেত্রী নুসরাত জাহানকে ঘিরে বিনোদন পাড়ায় উত্তেজনা। নিখিল জৈনের সঙ্গে তার সম্পর্কের নাম পাল্টে দিলেন নায়িকা। বিয়েকে রূপ দিলেন সহবাসে!নুসরাত বলেন, নিখিলের সঙ্গে আমি একসঙ্গে থেকেছি। এটা বিয়ে না। ফলে বিয়ে-বিচ্ছেদের প্রশ্নই ওঠে না। এ বিষয়ে জানতে চাইলে নিখিল ভারতীয় সংবাদমাধ্যমকে সাফ বলে দেন, আদালতে দেখা হবে।নিখিল জৈনের সঙ্গে লিভ-ইন সম্পর্কে ছিলেন বলে দাবি সন্তানসম্ভবা নুসরত জাহানের। তুরস্কের বিবাহ আইন ও ভারতে দুই ভিন্ন ধর্মাবলম্বী মানুষের জন্য বিশেষ বিবাহ আইনের যুক্তি দিয়ে সেই কথা প্রমাণ করার চেষ্টা করেন অভিনেত্রী-সাংসদ নুসরত। কিন্তুকিন্তু নুসরাত ও নিখিলের ‘বিয়ে’ বা ‘সহবাস’-এর যা-ই হোক’ কোনোটাই দু’জনের ব্যক্তিগত স্তরে সীমাবদ্ধ নেই আর। এই যুগলকে নিয়ে অন্তর্জালে আলোচনা চরমে। এবার নুসরাতকে ‘ট্রোল’ করতে নামলেন অভিনেত্রী শ্রীলেখা মিত্রও? তার একটি পোস্ট দেখে তেমনই প্রশ্ন জেগেছে নেটিজেনদের।এমন পরিস্থিতিতে ভারতীয় সংবাদমাধ্যম আনন্দবাজারের একটি লাইভে এসে সেই প্রশ্নের জবাব দিলেন শ্রীলেখা।তৃণমূল সাংসদ নুসরাতের বিবৃতি প্রকাশ পাওয়ার পর বামপন্থী শ্রীলেখা মিত্র ফেসবুকে লিখেছিলেন, ‘বিজেপিতে আমি এতদিন যোগদান করিনি। বিজেপির সঙ্গে লিভ-ইন এ ছিলাম। তাই বিজেপি ছাড়ার কোনো প্রশ্ন ওঠে না। ইতি মুকুল রায়’।শুক্রবার বিজেপি ছেড়ে ‘ঘর ওয়াপসি’ হয়েছে মুকুল রায় ও শুভ্রাংশুর রায়ের। সেই প্রসঙ্গে পোস্ট দিলেও তাতে নুসরাতকে খোঁটা দিতে ছাড়েননি শ্রীলেখা। তবে কি কোনোভাবে তিনিও অন্যকে ট্রোল করার জোয়ারে গা ভাসালেন?ট্রোল করার অভিযোগ অস্বীকার করলেন অভিনেত্রী। শ্রীলেখার কথায়, ‘আমি সত্যি কথা বলেছি। আমি মনে করি, একজন জনপ্রতিনিধি যদি অসততার আশ্রয় নেন, তাহলে সেটা অনুচিত। সেই প্রসঙ্গে আমার পোস্ট। নুসরাতের ব্যক্তিগত জীবন নিয়ে আমি ভাবি না। কিন্তু এখন তাকে আমি কেবল একজন অভিনেত্রী হিসেবে দেখতে পারছি না। তিনি একজন সাংসদ বটে।’একই সঙ্গে শ্রীলেখার মতে, যদি সব গুজব সত্যি হয়, তবে ‘বিয়ে’ ছেড়ে বেরিয়ে এসে অন্য এক মানুষকে ভালবেসে, তার সন্তানকে গর্ভে ধারণ করার ঘটনা প্রশংসনীয়। 
শ্রীলেখা বললেন, ‘নুসরাত এবং আমার জগৎ একেবারেই আলাদা। কখনওই তার ব্যক্তিগত জীবন নিয়ে কোনো মন্তব্য আমি করব না। এটা আমার স্বভাব না। তাই এটা ট্রোলিং না। অসততার বিরুদ্ধে মুখ খোলা।’শ্রীলেখার প্রশ্ন, নির্বাচিত জনপ্রতিনিধি এবং সংসদের রেকর্ড অনুযায়ী তিনি নিখিল জৈনকে বিয়ে করেছেন। আবার এখন বলছেন, তিনি বিবাহিত নন। সে কথা আগে স্বীকার করেননি কেন নুসরাত?",0
https://www.somoynews.tv/news/2021-06-12/%E0%A6%95%E0%A6%BE%E0%A6%B0%E0%A6%BF%E0%A6%A8%E0%A6%BE%E0%A6%95%E0%A7%87-%E0%A6%AC%E0%A7%9F%E0%A6%95%E0%A6%9F%E0%A7%87%E0%A6%B0-%E0%A6%A1%E0%A6%BE%E0%A6%95,"কারিনাকে বয়কটের ডাক","বিনোদন ডেস্ক","বিনোদন ও লাইফস্টাইল"," ১২ জুন, ২০২১","N/A","অভিনেত্রীর ওপর চটেছেন নেটাগরিকদের একাংশ। কারিনার বিরোধিতা করতে টেনে আনা হয়েছে স্বামী সাইফ আলি খানের প্রসঙ্গও।","সামাজিক যোগাযোগ মাধ্যমে ট্রোলিং বা সমালোচনা শুনতে অভ্যস্ত বিনোদন জগতের তারকারা। তবে এবার বলিউড অভিনেত্রী কারিনা কাপুর খানকে বয়কটের ডাক দিলেন নেটিজেনদের একটা বড় অংশ। টুইটারে ট্রেন্ডিং হ্যাশট্যাগ ‘বয়কট কারিনা কাপুর খান’।বলিপাড়ায় খবর বড় পর্দায় আসছে ‘রামায়ণ’। সেখানে সীতার চরিত্রে অভিনয় করার জন্য ১২ কোটি রুপি পারিশ্রমিক দাবি করেছেন কারিনা। এই খবর সংবাদমাধ্যমে প্রকাশ হতেই অভিনেত্রীর ওপর চটেছেন নেটাগরিকদের একাংশ। আর তারপরই সাইফ আলি খান-পত্নীকে বয়কট করার ডাক উঠল অন্তর্জালে।এ রকম চরিত্রে অভিনয়ের সুযোগ পেয়েও এত মোটা অঙ্কের পারিশ্রমিক দাবি করাকে ‘অমানবিক’ আচরণ হিসেবে দেখছেন অনেকেই। কেউ আবার বলছেন, হিন্দুদের ধর্মীয় ভাবাবেগে আঘাত করছেন কারিনা।কারিনার বিরোধিতা করতে টেনে আনা হয়েছে স্বামী সাইফ আলি খানের প্রসঙ্গও। অনেকের বক্তব্য, ‘তাণ্ডব’-এর মতো ওয়েব সিরিজে অভিনয় করে হিন্দুদের ভাবাবেগে আঘাত দিয়েছেন সাইফ। এবার সেই পথে হাঁটছেন নায়িকা।কেউ বলছেন, ‘যে নায়িকা হিন্দু দেবদেবীদের সম্মান করতে পারেন না, তিনি সীতার চরিত্রে অভিনয় করতে পারেন না।’ কারও কটূক্তি, ‘ভারতীয় নাগরিক হিসেবে এমন একজন অভিনেত্রীকে সীতার চরিত্রে মেনে নেব না, যার হিন্দু ধর্মের প্রতি বিশ্বাস নেই। যে শিল্পীরা ধর্মীয় ভাবাবেগে আঘাত করেন, তাদের বয়কট করা উচিত।’এ রকম আরও অনেক নেতিবাচক মন্তব্যে ভরে গেছে টুইটারের দেওয়াল। তবে সীতার চরিত্রে অভিনয় করার বিষয়ে মুখে কুলুপ এঁটেছেন বলিউডের প্রথম সারির অভিনেত্রী।সূত্র: আনন্দবাজার পত্রিকা",1
https://www.somoynews.tv/news/2021-06-12/%E0%A6%A8%E0%A7%81%E0%A6%B8%E0%A6%B0%E0%A6%BE%E0%A6%A4%E0%A6%95%E0%A7%87-%E0%A6%A8%E0%A6%BF%E0%A7%9F%E0%A7%87-%E0%A6%A8%E0%A6%BF%E0%A6%96%E0%A6%BF%E0%A6%B2%E0%A7%87%E0%A6%B0-%E0%A6%9C%E0%A6%AE%E0%A7%87-%E0%A6%A5%E0%A6%BE%E0%A6%95%E0%A6%BE-%E0%A6%85%E0%A6%AD%E0%A6%BF%E0%A6%AE%E0%A6%BE%E0%A6%A8!,"দুনিয়াটা বোধ হয় এভাবেই চলে: নিখিল","বিনোদন ডেস্ক","বিনোদন ও লাইফস্টাইল"," ১২ জুন, ২০২১","N/A","নিখিলের অ্যাকাউন্টে নুসরাতের একটি ছবিই এখনও রয়ে গেছে। বিপণির কোনো অনুষ্ঠানে পাশাপাশি দাঁড়িয়ে ছবি তুলেছিলেন তারা। সেই ছবিতে হৃদয়ের কোনো যোগ নেই।","বেশ কিছু দিন ধরেই আলোচনায় অভিনেত্রী ও সাংসদ নুসরাত জাহান। আগামী সেপ্টেম্বরেই মা হচ্ছেন টালিউড অভিনেত্রী। তবে তার অনাগত সন্তানের বাবা কে, এ নিয়ে চলছে তুমুল আলোচনা।সেই আগুনে ঘি ঢাললেন নায়িকা নিজেই। নিখিল জৈনের সঙ্গে তার সম্পর্কের নাম পাল্টে ফেললেন নুসরাত। অভিনেত্রী বলেন, নিখিলের সঙ্গে আমি একসঙ্গে থেকেছি। এটা বিয়ে না। ফলে বিয়ে-বিচ্ছেদের প্রশ্নই ওঠে না। এ বিষয়ে জানতে চাইলে নিখিল ভারতীয় সংবাদমাধ্যমকে সাফ বলে দেন, আদালতে দেখা হবে।নুসরাতের এমন আচরণ সম্ভবত মেনে নিতে পারছেন না নিখিল জৈন। কিন্তু তিনি কথা দিয়েছেন, সংবাদমাধ্যমের সামনে আর মুখ খুলবেন না। তাই কি জমে থাকা অভিমান ইনস্টাগ্রাম স্টোরিতে প্রকাশ করে ফেললেন?শনিবার (১২ জুন) ইনস্টাগ্রামে নিখিল লেখেন, ‘অনেক জায়গা ঘুরে দেখলাম। দুনিয়াটা বোধ হয় এভাবেই চলে’! তার চোখে সব কিছুই যেন রংহীন। জীবনে আনন্দ, মজা, সৌন্দর্যের লেশমাত্র নেই।নেটিজেনদের প্রশ্ন, নুসরাতের আচরণ গোটা দুনিয়ার বিরুদ্ধে এতটাই কি বিষিয়ে দিয়েছে নিখিলের মন? জবাব পাওয়া অসম্ভব। তবে নুসরাত প্রকাশ্যে বিবৃতি দেওয়ার পরেই নিজের সামাজিক পাতা থেকে স্ত্রীর সমস্ত স্মৃতি মুছে ফেলেছেন নিখিল। বস্ত্র ব্যবসায়ী নিখিল তার পোশাক বিপণন সংস্থার জন্য নুসরাতের অনেক ফোটোশুট করেছিলেন। সরিয়ে দিয়েছেন সেই সমস্ত ছবিও। গত বছরের লকডাউনে অনুরাগীদের সঙ্গে নেটমাধ্যমে সরাসরি ভিডিওতে কথাও বলেছিলেন নিখিল-নুসরাত। তারও কোনো চিহ্ন নেই। নিখিলের অ্যাকাউন্টে নুসরাতের একটি ছবিই এখনও রয়ে গেছে। বিপণির কোনো অনুষ্ঠানে পাশাপাশি দাঁড়িয়ে ছবি তুলেছিলেন তারা। সেই ছবিতে হৃদয়ের কোনো যোগ নেই।সেই জন্যেই কি শেষ স্মৃতি হিসেবে ওটুকুই রেখে দিলেন নিখিল?সূত্র: আনন্দবাজার পত্রিকা",0
https://www.somoynews.tv/news/2021-06-12/%E0%A6%AC%E0%A6%BF%E0%A7%9F%E0%A7%87%E0%A6%B0-%E0%A6%B8%E0%A6%BE%E0%A6%9C%E0%A7%87-%E0%A6%B6%E0%A7%8D%E0%A6%B0%E0%A6%BE%E0%A6%AC%E0%A6%A8%E0%A7%8D%E0%A6%A4%E0%A7%80--%E0%A6%89%E0%A6%B8%E0%A6%95%E0%A7%87-%E0%A6%A6%E0%A6%BF%E0%A6%9A%E0%A7%8D%E0%A6%9B%E0%A7%87-%E0%A6%9C%E0%A6%B2%E0%A7%8D%E0%A6%AA%E0%A6%A8%E0%A6%BE,"বিয়ের সাজে শ্রাবন্তী, উস্কে দিচ্ছে জল্পনা","বিনোদন প্রতিবেদক","বিনোদন ও লাইফস্টাইল"," ১২ জুন, ২০২১","N/A","বিয়ের সাজের ছবি শেয়ার করেছেন অভিনেত্রী নিজেই।","বিয়ের সাজে নিজের সামাজিক যোগাযোগমাধ্যমে একটি ছবি পোস্ট করেছেন টলিউড অভিনেত্রী শ্রাবন্তী চ্যাটার্জি। ছবিটি প্রকাশের পর নেটিজেনরা হুমড়ি খেয়ে পড়েছেন। অনেকে আবার বাজে মন্তব্য করছেন অভিনেত্রীকে নিয়ে। কেউ কেউ জানতে চেয়েছেন, চতুর্থ বিয়ে হয়ে গেছে কিনা?এমনটাই দেখা গেছে শ্রাবন্তীর শেয়ার করা ছবির কমেন্টস বক্স। একজন প্রশ্ন করেছেন, চার নম্বর বিয়ের প্রস্তুতি নিচ্ছেন? তার নিচেই আরেকজন লিখেছেন, আরেকটা উইকেটের পতন হবে নিশ্চয়ই। এছাড়া আরেক নেটিজেন লিখেছেন, দামে কম মানে ভালো শ্রাবন্তী ফার্নিচার।প্রকাশিত ছবিতে টকটকে লাল শাড়িতে দেখা গেছে শ্রাবন্তীকে। তার মাথায় মুকুটও ছিল। ভারতীয় সংবাদমাধ্যম সূত্রে জানা গেছে, বিজ্ঞাপনের জন্য এ সাজ নিয়েছেন শ্রাবন্তী।স্বামী রোশানের সঙ্গে দাম্পত্য কলহ নিয়ে বেশ আলোচনায় ছিলেন শ্রাবন্তী। সে আলোচনা আবার নতুন করে শুরু হয়েছে টলিপাড়ায়। কারণ শ্রাবন্তীর সঙ্গে সংসার করতে চেয়ে আদালতের দ্বারস্থ হয়েছেন রোশান। শিগগিরই এর শুনানি হওয়ার কথা রয়েছে। তখনই জানা যাবে, রোশানের সঙ্গে এক ছাদের নিচে থাকতে চান কি না শ্রাবন্তী।গত বছর নভেম্বরে তাদের দাম্পত্য কলহের খবর প্রকাশ্যে আসে। একে অপরকে ইঙ্গিত করে পোস্ট করেছিলেন নিজেদের সামাজিক যোগাযোগমাধ্যমে। শ্রাবন্তীর পুত্র ঝিনুকও ছেড়ে কথা বলেননি। পরোক্ষভাবে রোশানকে কটাক্ষ করেছিলেন। বলেছিলেন, ‘বডি বিল্ডারদের’ মগজে বুদ্ধির অভাব থাকে।",0
https://www.somoynews.tv/news/2021-06-12/%E2%80%98%E0%A6%87%E0%A6%A4%E0%A7%8D%E0%A6%AF%E0%A6%BE%E0%A6%A6%E0%A6%BF%E2%80%99%E0%A6%B0-%E0%A6%A8%E0%A6%BE%E0%A6%A4%E0%A6%BF%E0%A6%B0-%E0%A6%AE%E0%A7%83%E0%A6%A4%E0%A7%8D%E0%A6%AF%E0%A7%81%E0%A6%B0-%E0%A6%96%E0%A6%AC%E0%A6%B0%E0%A6%9F%E0%A6%BF-%E0%A6%97%E0%A7%81%E0%A6%9C%E0%A6%AC,"‘ইত্যাদি’র নাতির মৃত্যুর খবরটি গুজব","বিনোদন প্রতিবেদক","বিনোদন ও লাইফস্টাইল"," ১২ জুন, ২০২১","N/A","জানালেন ইত্যাদির সহকারী পরিচালক মামুন।","জনপ্রিয় ম্যাগাজিন অনুষ্ঠান ‘ইত্যাদি’র আলোচিত চরিত্র নাতি। এ চরিত্রে অভিনয় করে বেশ জনপ্রিয়তা পেয়েছেন শওকত আলী তালুকদার নিপু। হঠাৎ করেই তার মৃত্যুর খবর ছড়িয়ে পড়ে নেট দুনিয়ায়। তবে এটি গুজব বলে জানিয়েছেন ইত্যাদির সহকারী পরিচালক মামুন।শনিবার (১২ জুন) সময় নিউজকে তিনি বলেন, ‘ফেসবুকে কারা যেন উনার মৃত্যুর খবর ছড়িয়ে দিয়েছে। এটি সম্পূর্ণ গুজব। উনি ভালো আছে। এ ধরনের গুজব না ছড়ানোর অনুরোধ করছি।’এক ভিডিও বার্তায় নিপু বলেন, ‘আমি নিপু, আপনাদের সেই প্রিয় নাতি। আমি আপনাদের মাঝে, আপনাদের দোয়ায়, আল্লাহ অশেষ রহমতে জীবিত আছি। সবাই দোয়া করবেন যেন দীর্ঘ দিন আপানাদের মাঝে থাকতে পারি।’১৯৯৩ সালে হানিফ সংকেতের সঙ্গে পরিচয় হয় নিপুর। রাজারবাগ পুলিশ লাইনের একটি অনুষ্ঠানে নিপুর পারফরমেন্স ভালো লাগে হানিফ সংকেতের। তারপর ইত্যাদিতে ‘নাতি’ চরিত্রে সুযোগ পান নিপু। বর্তমানে রাজধানীর উত্তরায় বসবাস করছেন এ অভিনেতা।১৯৮১ সালে ঢাকায় জন্মেছেন শওকত আলী তালুকদার নিপু। তিনি এখনো অবিবাহিত। তার জনপ্রিয়তার কারণে অনেক নির্মাতা তাকে বিভিন্ন সময় কাজের প্রস্তাব দিয়ে থাকেন। কিন্তু সেগুলো বিনয়ের সঙ্গে ফিরিয়ে দেন এ নাতি। এক সাক্ষাৎকারে এমনটাই জানিয়ে ছিলেন তিনি।",0
https://www.somoynews.tv/news/2021-06-12/%E0%A6%AF%E0%A6%BE%E0%A6%A4%E0%A7%8D%E0%A6%B0%E0%A6%BE-%E0%A6%B6%E0%A7%81%E0%A6%B0%E0%A7%81-%E0%A6%95%E0%A6%B0%E0%A6%B2-%E0%A6%9C%E0%A7%8D%E0%A6%AF%E0%A7%87%E0%A6%BE%E0%A6%A4%E0%A6%BF%E0%A6%B0-%E2%80%98%E0%A6%B0%E0%A7%87-%E0%A6%B9%E0%A6%BE%E0%A6%89%E0%A6%9C%E2%80%99,"যাত্রা শুরু করল জ্যোতির ‘রে হাউজ’","বিনোদন প্রতিবেদক","বিনোদন ও লাইফস্টাইল"," ১২ জুন, ২০২১","N/A","এর আগে ‘খনা অর্গানিক’ নামে প্রতিষ্ঠান চালু করেছিলেন এ অভিনেত্রী।","লাইট-ক্যামেরার বাইরে ব্যবসা নিয়ে ব্যস্ত অভিনেত্রী জ্যোতিকা জ্যোতি। এরই মধ্যে ‘খনা অর্গানিক’ নামের একটি প্রতিষ্ঠান চালু করেছেন এ অভিনেত্রী। এবার যাত্রা শুরু করেছেন তার নতুন প্রতিষ্ঠান ‘রে হাউজ’।এটি মূলত প্রযোজনা প্রতিষ্ঠান। বাংলাদেশি সিনেমার আলোকচ্ছটা বিশ্বে ছড়িয়ে দেওয়ার প্রয়াসে ২০১৯ সালে প্রতিষ্ঠিত হয় ‘রে হাউজ’। চলচ্চিত্র প্রযোজনা ছাড়াও ডকুমেন্টারি, নাটক-টেলিফিল্ম নির্মাণ করা হবে এ প্রতিষ্ঠানটি থেকে।নতুন প্রতিষ্ঠান প্রসঙ্গে জ্যোতিকা জ্যোতি বলেন, ‘কিছু আনুষ্ঠানিকতা এবং কাগজপত্র তৈরি করা বাকি ছিল। তাই এত দিন কিছু জানাতে পারিনি। প্রযোজক হিসেবে একটি আনন্দের সংবাদ শেয়ার করতে চাই। দেশি চলচ্চিত্রে আন্তর্জাতিক বিপননের মাধ্যমে আমাদের যাত্রা শুরু হয়েছে। বাংলাদেশ সরকারে অনুদানে নির্মিত ‘সাইকেল বালক’ সিনেমাটি আমরা পরিবেশনের দায়িত্ব নিয়েছে। এরই মধ্যে কলকাতার এসভিএফের কাছে সিনেমাটির ডিজিটাল রাইটস বিক্রি করেছি। করোনা পরিস্থিতি বিবেচনা করে শিগগিরই দেশে মুক্তির ব্যবস্থা করা হবে।’জ্যোতিকা জ্যোতি মনে করেন, বিশ্ববাজারে বাংলা সিনেমাকে তুলে ধরতে সঠিক প্রযোজক ও প্রযোজনা প্রতিষ্ঠান খুব প্রয়োজন। এ ছাড়া ‘রে হাউজ’ এর ব্যানারে আরও ৬টি চলচ্চিত্রের প্রি-প্রডাকশন চলছে বলেও জানান তিনি। পর্যায়ক্রমে সেগুলো নির্মাণ করা হবে এবং আনুষ্ঠানিকভাবে জানানো হবে।এর আগে গেল পহেলা বৈশাখে ‘খনা অর্গানিক’-এর লোগো উন্মোচন করেছিলেন এ অভিনেত্রী। এ প্রতিষ্ঠানের অধীনে ‘ঘৃতকুমারী’ ও ‘তৃপ্তি’ নামের দুটি খামার তৈরি করেছেন। ‘ঘৃতকুমারী’তে চাষ হচ্ছে বিভিন্ন দেশীয় ফল ও ঔষধি গাছ। অন্যদিকে ‘তৃপ্তি’তে পালন হচ্ছে দেশি মুরগি।",1
https://www.somoynews.tv/news/2021-06-12/%E0%A6%A4%E0%A6%A6%E0%A6%A8%E0%A7%8D%E0%A6%A4%E0%A7%87-%E0%A6%B8%E0%A6%BE%E0%A6%B9%E0%A6%BE%E0%A6%AF%E0%A7%8D%E0%A6%AF-%E0%A6%95%E0%A6%B0%E0%A6%A4%E0%A7%87-%E0%A6%AE%E0%A6%BF%E0%A6%A0%E0%A7%81%E0%A6%A8%E0%A6%95%E0%A7%87-%E0%A6%86%E0%A6%A6%E0%A6%BE%E0%A6%B2%E0%A6%A4%E0%A7%87%E0%A6%B0-%E0%A6%A8%E0%A6%BF%E0%A6%B0%E0%A7%8D%E0%A6%A6%E0%A7%87%E0%A6%B6,"তদন্তে সাহায্য করতে মিঠুনকে আদালতের নির্দেশ","বিনোদন প্রতিবেদক","বিনোদন ও লাইফস্টাইল"," ১২ জুন, ২০২১","N/A","শুক্রবার (১১ মে) শুনানি শেষে এ নির্দেশ দিয়েছেন আদালত। হিংসা ছড়ানোর অভিযোগে কলকাতার মানিকতলা থানায় মিঠুনের নামে এফআইআর করেছিল তৃণমূল কংগ্রেস।","অভিনেতা মিঠুন চক্রবর্তীর বিরুদ্ধে হিংসা ছড়ানো অভিযোগে কলকাতার মানিকতলা থানায় এফআইআর করেছিল তৃণমূল কংগ্রেস। মামলাটি রাজনৈতিক উদ্দেশ্যপ্রণোদিত বলে উল্লেখ করে তা খারিজের আবেদন করেছিল অভিনেতার আইনজীবী। শুক্রবার (১১ মে) শুনানি হয়েছিল কলকাতার হাইকোর্টে। শুনানি শেষে তদন্তে পুলিশকে সাহায্য করতে অভিনেতা মিঠুন চক্রবর্তীকে নির্দেশ দিয়েছেন আদালত।পরবর্তী শুনানি তারিখ আগামী শুক্রবার নির্ধারণ করে বিচারপতি বলেন, এদিন মিঠুনের আদালতে হাজির না হলেও চলবে। তবে তদন্তে পুলিশকে সাহায্য করতে হবে। প্রয়োজনে ভিডিও কনফারেন্সের মাধ্যমে পুলিশ জিজ্ঞাসা করতে পারবে। এ জন্য মিঠুনকে তার ইমেইল আইডি দিতে বলা হয়।পশ্চিমবঙ্গের বিধানসভা নির্বাচনে ভারতীয় জনতা পার্টির (বিজেপি) হয়ে মাঠে নেমেছিলেন মিঠুন। প্রচারে বেশ সরব ছিলেন তিনি। নির্বাচনী প্রচারে উসকানিমূলক বক্তব্য দিয়েছেন তিনি। এমন অভিযোগ করে ৬ মে তার নামে থানায় অভিযোগ করেছিলে রাজ্যের ক্ষমতাসীন দল তৃণমূল কংগ্রেস। তবে মিঠুনের আইনজীবী বিকাশ সিং সংবাদমাধ্যমকে জানান, রাজনৈতিক উদ্দেশ্যে হাসিলের জন্য এ অভিযোগ করা হয়েছে অভিনেতার নামে। এই অভিযোগের কোনো সত্যতা নেই। মিঠুন চক্রবর্তীর কোনো সংলাপে যদি নির্বাচনী বিধি ভঙ্গ হতো, তাহলে নির্বাচন কমিশনই তার বিরুদ্ধে ব্যবস্থা নিত।এদিকে গত ৭ মার্চ কলকাতায় নরেন্দ্র মোদির সমাবেশে অংশ নিয়েছিলেন মিঠুন চক্রবর্তী। মোদির হাত ধরে সেদিন বিজেপিতে যোগ দিয়েছিলেন এ অভিনেতা। সমাবেশের মঞ্চে বক্তব্যও দিয়েছিলেন মিঠুন। ‘মারব এখানে, লাশ পড়বে শ্মশানে’, ‘আমি জলঢোরা নই, বেলেবোরাও নই, আমি জাত গোখরো, এক ছোবলেই ছবি।’ এমন সংলাপও সেদিন শুনিয়েছিলেন জনপ্রিয় এ অভিনেতা।",0
https://www.somoynews.tv/news/2021-06-11/%E0%A6%AC%E0%A6%BE%E0%A7%9C%E0%A6%BF-%E0%A6%AB%E0%A6%BF%E0%A6%B0%E0%A7%87%E0%A6%9B%E0%A7%87%E0%A6%A8-%E0%A6%A6%E0%A7%80%E0%A6%B2%E0%A6%BF%E0%A6%AA-%E0%A6%95%E0%A7%81%E0%A6%AE%E0%A6%BE%E0%A6%B0,"বাড়ি ফিরেছেন দীলিপ কুমার","বিনোদন ডেস্ক","বিনোদন ও লাইফস্টাইল"," ১১ জুন, ২০২১","N/A","তার শারীরিক অবস্থার উন্নতি হয়েছে।","হাসপাতাল থেকে বাড়ি ফিরেছেন অভিনেতা দিলীপ কুমার। শুক্রবার (১১ জুন) তাকে নিয়ে বাড়ি ফিরেছেন তার স্ত্রী সায়রা বানু। মুম্বাইয়ের হিন্দুজা হাসপাতাল থেকে বের হওয়ার সময় ক্যামেরাবন্দি হয়েছেন তিনি। খবর জি নিউজ।এ সময় পাপারাতজিদের দেখে হাত নাড়িয়েছেন দিলীপ কুমারের স্ত্রী অভিনেত্রী সায়রা বানু। ভারতীয় সংবাদমাধ্যমকে সায়রা বানু বলেন, ‘আমরা খুব খুশি। ওর (দিলীপ কুমার) ফুসফুসে যে পানি জমেছিল, তা বেরিয়ে গেছে। তিনি এখন ভালো আছেন, বাড়ি যাচ্ছেন। যারা তার সুস্থাতা কামনা করে প্রার্থনা করেছিলেন তাদের সবাইকে ধন্যবাদ।’শ্বাসকষ্টের সমস্যা নিয়ে হাসপাতালে ভর্তি হয়েছিলেন দিলীপ কুমার। চিকিৎসকরা জানান, তার ফুসফুসে পানি জমেছে। শরীরে অক্সিজেন স্যাচুরেশনের মাত্রাও কমে গেছে। পরে অক্সিজেন সাপোর্টে রাখা হয় এ অভিনেতাকে। হাসপাতালে ভর্তি হওয়ার পরই নেট ‍দুনিয়ায় ছড়িয়ে পড়ে দিলীপ কুমারের অসুস্থতার খবর।১৯৪৪ সালে অভিনয় জীবন শুরু করেন দিলীপ কুমার। তিনি ট্রাজেডিং কিং হিসেবেও বেশ পরিচিত। বোম্বে টকিজের ব্যানারে ‘জোয়ার ভাটা’ সিনেমায় প্রথমবার অভিনয় করেছিলেন তিনি। ১৯৯১ সালে ‘পদ্মভূষণ’, ‘১৯৯৪’ দাদাসাহেব ফালকে, ১৯৫৪ সালে ফিল্মফেয়ার শ্রেষ্ঠ অভিনেতার পুরস্কার গ্রহণ করেন তিনি। এছাড়া তার জুলিতে আছে অসংখ্য পুরস্কার।",0
https://www.somoynews.tv/news/2021-06-11/%E0%A6%88%E0%A6%A6%E0%A7%81%E0%A6%B2-%E0%A6%86%E0%A6%AF%E0%A6%B9%E0%A6%BE%E0%A7%9F-%E0%A6%AC%E0%A6%BF%E0%A6%9F%E0%A6%BF%E0%A6%AD%E0%A6%BF%E0%A6%A4%E0%A7%87-%E0%A7%AA%E0%A7%A6%E0%A6%9F%E0%A6%BF-%E0%A6%85%E0%A6%A8%E0%A7%81%E0%A6%B7%E0%A7%8D%E0%A6%A0%E0%A6%BE%E0%A6%A8,"ঈদুল আজহায় বিটিভিতে ৪০টি অনুষ্ঠান","বিনোদন প্রতিবেদক","বিনোদন ও লাইফস্টাইল"," ১১ জুন, ২০২১","N/A","এমনটাই জানা গেছে টেলিভিশনটির জনসংযোগ বিভাগ সূত্রে।","ঈদের বাকির এখনো এক মাসের বেশি সময়। এরই মধ্যে ঈদুল আজহার অনুষ্ঠানমালার পরিকল্পনা করে ফেলেছে বাংলাদেশ টেলিভিশন। এবার ঈদ আয়োজনে ৪০টিরও বেশি অনুষ্ঠান প্রচার হবে। এমনটাই জানা গেছে টেলিভিশনটির জনসংযোগ বিভাগ সূত্রে।অনুষ্ঠানগুলোর মধ্যে থাকছে- বঙ্গবন্ধু শেখ মুজিবুর রহমানের ঈদ উদযাপন নিয়ে বিশেষ অনুষ্ঠান ‘বঙ্গবন্ধুর ঈদ’, বিটিভি প্রযোজিত ৫টি নাটক, ম্যাগাজিন অনুষ্ঠান ‘আনন্দমেলা’ ও ‘বৃত্তের বাইরে’, সরাসরি সংগীতবিষয়ক অনুষ্ঠান, ব্যান্ড শো, লোকসংগীত ও আঞ্চলিক সংগীতের অনুষ্ঠান, নৃত্যানুষ্ঠান, শিশুতোষ ম্যাগাজিন অনুষ্ঠান, পাপেট শো, বিশেষ প্রতিভাসম্পন্ন শিশুদের নিয়ে অনুষ্ঠান, জাদুবিষয়ক অনুষ্ঠান, প্রামাণ্য অনুষ্ঠান ‘বৃদ্ধাশ্রমে ঈদ’, ‘পথে-প্রান্তরে ঈদ’, ‘প্রবাসীদের ঈদ’ এবং তারকাদের নিয়ে ‘ঈদ আড্ডা’।এ ছাড়া সাম্প্রতিক সময়ের চলচ্চিত্রের গান, জাতীয় পুরস্কারপ্রাপ্ত চলচ্চিত্রের গান, শিশুতোষ, মুক্তিযুদ্ধভিত্তিক ও পুরনো দিনের চলচ্চিত্রের গান নিয়ে ৫ পর্বের ‘ছায়াছন্দ’। এর পাশাপাশি প্রচার হবে ঈদুল আজহার তাৎপর্য নিয়ে অনুষ্ঠান, কোরবানির পশুর চামড়া সংরক্ষণ ও পশুর বর্জ্য অপসারণের ওপর বিশেষ প্রামাণ্য অনুষ্ঠান।পান্থ শাহরিয়ারের রচনা এবং নোমান হাসান খানের প্রযোজনায় নাটক ‘বকুলের আয়না’, বৃন্দাবন দাসের রচনা ও মাহফুজা আক্তারের প্রযোজনায় ‘চারিত্রিক সনদ’, ইমদাদুল হক মিলনের রচনা ও নূর আনোয়ার হোসেনের প্রযোজনায় ‘বিয়ের কয়েকদিন আগে’, মীর সাব্বিরের রচনা ও সোলেমান হকের প্রযোজনায় ‘হাম্বা ডট কম’ এবং বদরুল আনাম সৌদের রচনা ও মনিরুল হাসানের প্রযোজনায় নাটক ‘আকাশ ভাবনা’ প্রচার হবে ঈদ অনুষ্ঠানমালায়।ঈদ অনুষ্ঠান প্রসঙ্গে টেলিভিশনটির উপমহাপরিচালক (অনুষ্ঠান) ড. তাসমিনা আহমেদ বলেন, ‘আমাদের মূল লক্ষ্য থাকবে দর্শকদের যতটা সম্ভব বিনোদন দেওয়ার। তারকাবহুল অনুষ্ঠান যেমন আছে ঠিক তেমনি সামাজিক দায়বদ্ধতাও যেন আমরা ভুলে না যায়, সে কারণে কোরবানির তাৎপর্য, পশুর চামড়া সংরক্ষণ ও বর্জ্য অপসারণ নিয়েও অনুষ্ঠান থাকছে। সব বয়সী-সব শ্রেণির দর্শকদের কথা ভেবে আমরা অনুষ্ঠান রেখেছি। অনুষ্ঠানগুলোকে সুন্দরভাবে সম্পন্ন করার জন্যই মূলত একটু আগেভাবে পরিকল্পনা করা। আশা করছি বিটিভির ঈদ অনুষ্ঠানে দর্শকরা নির্মল আনন্দ পাবেন।’",0
https://www.somoynews.tv/news/2021-06-11/%E2%80%98%E0%A6%A8%E0%A6%BF%E0%A6%B0%E0%A7%8D%E0%A6%AC%E0%A6%BE%E0%A6%9A%E0%A6%A8%E0%A7%87-%E0%A6%B9%E0%A6%BF%E0%A6%A8%E0%A7%8D%E0%A6%A6%E0%A7%81%E0%A6%A6%E0%A7%87%E0%A6%B0-%E0%A6%AC%E0%A7%8B%E0%A6%95%E0%A6%BE-%E0%A6%AC%E0%A6%BE%E0%A6%A8%E0%A6%BE%E0%A6%A4%E0%A7%87-%E0%A6%AC%E0%A6%BF%E0%A7%9F%E0%A7%87-%E0%A6%95%E0%A6%B0%E0%A7%87%E0%A6%A8-%E0%A6%A8%E0%A7%81%E0%A6%B8%E0%A6%B0%E0%A6%BE%E0%A6%A4%E2%80%99,"‘নির্বাচনে হিন্দুদের বোকা বানাতে বিয়ে করেন নুসরাত’","বিনোদন ডেস্ক","বিনোদন ও লাইফস্টাইল"," ১১ জুন, ২০২১","N/A","এমন দাবিই করেছেন বিজেপি নেতা দীলিপ ঘোষ।","টলিউড নায়িকা নুসরাতকে নিয়ে বিতর্ক বাড়ছেই। ব্যক্তিগত বিষয় চলে গেছে রাজনীতির মাঠে। এবার নুসরাতকে নিয়ে বিস্ফোরক মন্তব্য করেছেন বিজেপির পশ্চিমবঙ্গ রাজ্য সভাপতি দীলিপ ঘোষ। বলেছেন, নির্বাচনে হিন্দুদের বোকা বানাতে বিয়ে করেছিলেন নুসরাত।বৃহস্পতিবার (১০ মে ) বসিরহাটে দলের সাংগঠনিক সভায় এ মন্তব্য করেন দীলিপ। তার দাবি, বসিরহাটের ভোটাররা তাকে এমপি নির্বাচিত করেছেন। এখন আপনারাই ঠিক করুন, উনি বিয়ে করেছেন কিনা, কাকে করেছেন, কবে করেছেন। খবর হিন্দুস্তান টাইমস।দীলিপ ঘোষ আরও বলেন, নুসরাত মা হতে যাচ্ছেন, তা নিয়েও প্রশ্ন আছে। ভেবে দেখুন, যাকে আড়াই লাখের বেশি ভোটে জিতিয়েছেন, তিনি কে বা তার পরিচয় কী? বিয়ে না করে সিঁদুর লাগিয়ে হিন্দুদের বোকা বানিয়ে ভোট নিয়েছেন তিনি। বিষয়টি খুবই লজ্জার। আমার মনে হয় তিনি নির্বাচনের জন্য বিয়ে করেছিলেন। নির্বাচন হয়ে গেছে সত্যি কথা বেরিয়ে এসেছে।সম্প্রতি এক বিবৃতির মাধ্যমে নুসরাত দাবি করেছেন, নিখিলের সঙ্গে বিয়ে হয়নি, লিভ ইনে ছিলেন তিনি। ফলে বিচ্ছেদের প্রশ্নই আসে না। তবে লোকসভার ওয়েবসাইটে তৃণমূল এমপিদের তালিকায় দেখা গেছে ভিন্ন তথ্য। সেখানে নুসরাত বিবাহিত বলে উল্লেখ করেছেন নিজেকে। আর স্বামীর নাম লেখা ‘নিখিল জৈন’।",0
https://www.somoynews.tv/news/2021-06-11/%E0%A6%86%E0%A6%AE%E0%A6%B0%E0%A6%BE-%E0%A6%B8%E0%A7%8D%E0%A6%AC%E0%A6%BE%E0%A6%AE%E0%A7%80-%E0%A6%B8%E0%A7%8D%E0%A6%A4%E0%A7%8D%E0%A6%B0%E0%A7%80%E0%A6%B0-%E0%A6%AE%E0%A6%A4%E0%A7%8B%E0%A6%87-%E0%A6%9B%E0%A6%BF%E0%A6%B2%E0%A6%BE%E0%A6%AE--%E0%A6%A8%E0%A6%BF%E0%A6%96%E0%A6%BF%E0%A6%B2,"আমরা স্বামী-স্ত্রীর মতোই ছিলাম: নিখিল","বিনোদন ডেস্ক","বিনোদন ও লাইফস্টাইল"," ১১ জুন, ২০২১","N/A","অভিনেত্রী নুসরাত জাহানের সঙ্গে বর্তমান বৈবাহিক জটিলতা, আইনি পদক্ষেপ প্রসঙ্গে বিবৃতি দিয়েছেন ব্যবসায়ী নিখিল জৈন।","বৃহস্পতিবার (১০ জুন) দেওয়া এক বিবৃতিতে তিনি বলেছেন, ২০১৯ সালের জুনে তুরস্কের বোদরুমে আমাদের বিয়ে হয়েছিল। কলকাতায় রিসেপশন হয়েছিল। আমি আর নুসরাত স্বামী-স্ত্রীর মতোই ছিলাম।আইনি পদক্ষেপ প্রসঙ্গে বিবৃতিতে নিখিল স্পষ্ট করেছেন, আইন আইনের পথে চলবে।ভারতীয় সংবাদ মাধ্যমে প্রকাশিত খবর অনুযায়ী- লম্বা বিবৃতিতে ৮টি আলাদা পয়েন্টে ভাগ করে নিজের বক্তব্য স্পষ্ট করেছেন নিখিল।লিখেছেন, বিয়ের পর আমি আমার সময় থেকে শুরু করে সমস্ত কিছুই নুসরাতের প্রতি উৎসর্গ করেছিলাম এবং দায়িত্ববান স্বামীর মতোই সমস্ত দায়িত্ব পালন করেছি। আমার বন্ধু, পরিবার, আত্মীয়-স্বজনরা সবকিছুই জানেন। আমি বহুবার আমাদের বিয়ে রেজিস্ট্রি করানোর জন্য ওকে অনুরোধ করেছি। কিন্তু ও বিষয়টা এড়িয়ে গেছে। হঠাৎ করেই অল্প সময়ের মধ্যে ও আমার প্রতি ব্যবহার বদলে ফেলে। ২০২০ সালে একটি সিনেমার কাজ চলাকালীন ওর আমার প্রতি ব্যবহার বদলে যায়।নিখিল তার বিবৃতিতে জানিয়েছেন, ২০২০ সালের ৫ নভেম্বর নুসরাত ওর গুরুত্বপূর্ণ জিনিসপত্র নিয়ে আমার ফ্ল্যাট ছেড়ে বের হয়ে যায়। ও ওর বালিগঞ্জের ফ্ল্যাটে গিয়ে ওঠে। পরে ওর আরও জিনিসপত্রও ওর কাছে পাঠিয়ে দেওয়া হয়। তারপর থেকে আমরা আর একসঙ্গে নেই। সম্প্রতি সংবাদমাধ্যমে নুসরাতের সম্পর্কে যে খবর শুনছি, তাতে আমি আঘাত পেয়েছি। আমার মনে হয়েছে আমার সঙ্গে প্রতারণা করা হয়েছে। আমি আমাদের বিয়ের অ্যানালমেন্ট চেয়ে আলিপুর জাজেস কোর্টে সিভিল সুট ফাইল করেছি। এবার পুরো বিষয়টিই আদালতের হাতে রয়েছে।এই ব্যবসায়ী আরও জানিয়েছেন, বিয়ের পর নুসরাত যখন হোম লোনের চড়া সুদে জর্জরিত ছিল, তখন আমি আমার পরিবারের অ্যাকাউন্ট থেকে একটা বেশকিছু পরিমান টাকা ওর অ্যাকাউন্টে পাঠাই। কথা ছিল, সময় মতো ধীরে ধীরে সেই টাকা সে ফেরত দেবে। নুসরাত ওর মতো করে কিছু টাকা পরে আমার পরিবারের অ্যাকাউন্টে ফেরত দিয়েছে, তাতে ওর প্রতি আমার বিশ্বাসও তৈরি হয়। তবে এখনও বেশকিছু পরিমাণ টাকা বাকি রয়েছে। এখন ও যে অভিযোগ আনছে সেগুলো ভিত্তিহীন এবং মিথ্যা। সত্য প্রমাণ করার দরকার নেই, প্রমাণ সকলের সামনেই রয়েছে। আমার ব্যাংক স্টেটমেন্ট ও ক্রেডিট কার্ডের স্টেটমেন্টই যথেষ্ট প্রমাণ। আমার পরিবারও ওকে মেয়ের মতো করেই দেখেছে। তারা ভাবেননি যে এমন দিন দেখতে হবে।",0
https://www.somoynews.tv/news/2021-06-10/%E0%A6%89%E0%A6%A6%E0%A7%80%E0%A7%9F%E0%A6%AE%E0%A6%BE%E0%A6%A8-%E0%A6%B6%E0%A6%BF%E0%A6%B2%E0%A7%8D%E0%A6%AA%E0%A7%80%E0%A6%A6%E0%A7%87%E0%A6%B0-%E0%A6%A8%E0%A6%BF%E0%A7%9F%E0%A7%87-%E2%80%98%E0%A6%A2%E0%A6%BE%E0%A6%95%E0%A6%BE-%E0%A6%B8%E0%A7%87%E0%A6%B6%E0%A6%A8%E0%A6%B8%E2%80%99,"উদীয়মান শিল্পীদের নিয়ে ‘ঢাকা সেশনস’","বিনোদন ডেস্ক","বিনোদন ও লাইফস্টাইল"," ১০ জুন, ২০২১","N/A","এবারের সিজনে যুক্ত হয়েছে ‘বিকাশ’।","তরুণ ও উদীয়মান শিল্পীদের নিয়ে শুরু হয়েছে ‘ঢাকা সেশনস’ এর দ্বিতীয় সিজন। এবারের সিজনে যুক্ত হয়েছে ‘বিকাশ’। এ আয়োজনের মাধ্যমে তরুণ শিল্পীরা নিজেদের প্রতিভা বিকাশের সুযোগ পেল। পাশাপাশি এ মহামারির সময়ে দর্শকরা ঘরে বসে বিনোদনের খোরাক পেয়েছেন। বৃহস্পতিবার (১০ জুন) এক সংবাদ বিজ্ঞপ্তিতে এমনটাই জানিয়েছে বিকাশ।এবারের সিজনের এরই মধ্যে দর্শক মাতিয়েছেন দুখী মাজেদা, বাউল শামসু, দ্য সি-স কোয়ার্টেট, লাবিক কামাল গৌরব অ্যান্ড দ্য ব্যান্ড, আরমিন মুসা এবং আরবোভাইরাস। শিগগিরই আরও শিল্পী যোগ দেবে বলে জানা গেছে। এবার অনুষ্ঠানগুলো ধারণ করা হচ্ছে ‘বুক ওয়ার্ম’-এ। ‘ঢাকা সেশনস পাওয়ার্ড বাই বিকাশ’ এর সব এপিসোড দেখা যাবে ঢাকা সেশনস এর অফিসিয়াল ইউটিউব চ্যানেল ও ফেসবুক পেজ।‘দুখী মাজেদা ফিচারিং বাউল শামসু’ শিরোনামের লোকসংগীতটি বেশ সাড়া ফেলেছে শ্রোতাদের মাঝে। এ প্রসঙ্গে মাজেদা বলেন, ‘প্রতিদিনের কাজ শেষে আমি আমার ওস্তাদের সঙ্গে গান গাইতাম। গত বছর করোনার কারণে আমার চাকরি হারাই। এখন আমি আমার সবটুকু সময় নিয়ে গানে ডুবে আছি। মাজেদার মতো শিল্পীরাই ঢাকা সেশনস অনুষ্ঠানটির মূল অনুপ্রেরণা।’",0
https://www.somoynews.tv/news/2021-06-10/%E0%A6%A8%E0%A7%81%E0%A6%B8%E0%A6%B0%E0%A6%BE%E0%A6%A4-%E0%A6%A8%E0%A6%BF%E0%A6%96%E0%A6%BF%E0%A6%B2-%E0%A6%AC%E0%A6%BF%E0%A6%A4%E0%A6%B0%E0%A7%8D%E0%A6%95%E0%A7%87-%E0%A6%A8%E0%A6%A4%E0%A7%81%E0%A6%A8-%E0%A6%AE%E0%A7%8B%E0%A7%9C,"নুসরাত-নিখিল বিতর্কে নতুন মোড়","অন্তু মুজাহিদ","বিনোদন ও লাইফস্টাইল"," ১০ জুন, ২০২১","N/A","বিয়ে নিয়ে অভিনেত্রী ও সাংসদ নুসরাত জাহানের বিবৃতির পর এবার মুখ খুললেন নিখিল জৈন।","বিয়ে নিয়ে অভিনেত্রী ও সাংসদ নুসরাত জাহানের বিবৃতির পর এবার মুখ খুললেন নিখিল জৈন। সম্প্রতি ভারতীয় সংবাদমাধ্যম জি নিউজকে নিখিল জানিয়েছেন, তার বিরুদ্ধে আনা নুসরাতের অভিযোগ শুনে খারাপ লেগেছে। মানুষ হিসেবে খারাপ লাগারই কথা, কিন্তু নুসরাতের বিরুদ্ধে কিছু বলতে চান না তিনি। যা ঘটেছে তা সবার সামনেই ঘটেছে বলেও জানান নিখিল। এর আগে, স্বামী নিখিল জৈনের সঙ্গে সম্পর্কে টানাপড়েন এবং নায়ক যশের সঙ্গে প্রেমের গুঞ্জনের মধ্যেই সামনে আসে নুসরাতের মা হওয়ার খবর। মা হতে যাচ্ছেন নুসরাত জাহান-সংবাদমাধ্যমের এমন খবরে রীতিমতো তোলপাড় টলিপাড়া। এমন সময় নিখিলের বিষয়ে মুখ খোলেন ভারতীয় অভিনেত্রী ও সাংসদ নুসরাত। বুধবার (৯ মে) এক বিবৃতির মাধ্যমে নিজের যুক্তি উপস্থাপন করেন তিনি। সেখানে নুসরাত জানান, হিন্দু-মুসলিম বিবাহের ক্ষেত্রে বিশেষ বিবাহ আইনে করা হয়। কিন্তু নিখিল-নুসরাতের বিয়েতে এটি মানা হয়নি। ফলে এটি বিয়ে না। আর তুরস্কের বিবাহ আইন অনুযায়ী এ অনুষ্ঠান অবৈধ।তিনি জানান, নিখিলের সঙ্গে আমি একসঙ্গে থেকেছি। এটা বিয়ে নয়। ফলে বিবাহ-বিচ্ছেদের প্রশ্নই ওঠে না। এ বিষয়ে জানতে চাইলে নিখিল ভারতীয় সংবাদমাধ্যমকে জানান, আদালতে দেখা হবে।এদিকে, নুসরাতের বিরুদ্ধে দেওয়ানি মামলা করেন নিখিল। সে সময় ভারতীয় সংবাদমাধ্যমকে তিনি জানান, যেদিন জানলাম নুসরাত আমার সঙ্গে থাকতে চায় না, অন্য কারও সঙ্গে থাকতে চায়, সেদিনই দেওয়ানি মামলা দায়ের করেছি।২০১৯ সালে ১৯ জুন ব্যবসায়ী নিখিল জৈনকে বিয়ে করেছিলেন নুসরাত জাহান। জমকালো আয়োজনে তুরস্কের বোদরুম শহরে বিয়ের আনুষ্ঠানিকতা সারেন তারা। ১৭ জুন অনুষ্ঠিত হয়েছিল তাদের ব্যাচেলর পার্টি, ১৮ জুন মেহেদি ও সংগীত অনুষ্ঠান। আর ২০ জুন রাতে অনুষ্ঠিত হয়েছে ‘হোয়াইট ওয়েডিং’ পার্টি। বিয়ের আয়োজনে টলিউডের একাধিক তারকা এবং দুই পরিবারের সদস্যরা উপস্থিত ছিলেন।",0
https://www.somoynews.tv/news/2021-06-10/%E0%A6%9C%E0%A6%A8%E0%A6%AA%E0%A7%8D%E0%A6%B0%E0%A6%BF%E0%A6%AF%E0%A6%BC-%E0%A6%A8%E0%A6%BF%E0%A6%B0%E0%A7%8D%E0%A6%AE%E0%A6%BE%E0%A6%A4%E0%A6%BE-%E0%A6%AC%E0%A7%81%E0%A6%A6%E0%A7%8D%E0%A6%A7%E0%A6%A6%E0%A7%87%E0%A6%AC-%E0%A6%A6%E0%A6%BE%E0%A6%B6%E0%A6%97%E0%A7%81%E0%A6%AA%E0%A7%8D%E0%A6%A4-%E0%A6%86%E0%A6%B0-%E0%A6%A8%E0%A7%87%E0%A6%87,"জনপ্রিয় নির্মাতা বুদ্ধদেব দাশগুপ্ত আর নেই","অন্তু মুজাহিদ","বিনোদন ও লাইফস্টাইল"," ১০ জুন, ২০২১","N/A","না ফেরার দেশে পাড়ি জমালেন বাংলা চলচ্চিত্রের অন্যতম নির্মাতা ও কবি বুদ্ধদেব দাশগুপ্ত। ৭৭ বছর বয়সে দক্ষিণ কলকাতায় নিজের বাসভবনে ঘুমের মধ্যেই শেষ নিঃশ্বাস ত্যাগ করেন এ নির্মাতা।","না ফেরার দেশে পাড়ি জমালেন বাংলা চলচ্চিত্রের অন্যতম নির্মাতা ও কবি বুদ্ধদেব দাশগুপ্ত। ৭৭ বছর বয়সে দক্ষিণ কলকাতায় নিজের বাসভবনে ঘুমের মধ্যেই শেষ নিঃশ্বাস ত্যাগ করেন এ নির্মাতা। যদিও বেশ কিছুদিন ধরে তার শারীরিক অসুস্থতাও ছিল। ভুগছিলেন কিডনিজনিত রোগে। নিয়মিত চলছিল ডায়ালাইসিসও। বৃহস্পতিবার (১০ জুন) সকালে তার এই মৃত্যুর খবর ছড়িয়ে পড়তেই গভীর শোকে ছায়া নেমেছে বাংলা চলচ্চিত্র জগতে। কবি বুদ্ধদেবের মৃত্যুতে শোক প্রকাশ করেছেন মুখ্যমন্ত্রী মমতা বন্দ্যোপাধ্যায়সহ চলচ্চিত্র জগতের বিশিষ্টজনরা।পরিচালকের স্ত্রী সোহিনী দাশগুপ্ত বুদ্ধদেব দাশগুপ্তের মৃত্যুর খবর নিশ্চিত করে বলেন, সকালে ঘুম থেকে ডাকতে যান। কিন্তু কোনও সাড়াশব্দ না পেয়ে নির্মাতার ব্যক্তিগত চিকিৎসককে ডাকেন। চিকিৎসক এসে পরিচালকের মৃত্যু হয়েছে বলে নিশ্চিত করেন।১৯৪৪ সালে ১১ ফেব্রুয়ারি পুরুলিয়া জেলায় জন্মগ্রহণ করেন বুদ্ধদেব দাশগুপ্ত। ১৯৬৮ সালে মাত্র ১০ মিনিটের একটি তথ্যচিত্র নির্মাণের মধ্য দিয়ে পরিচালক জীবন শুরু করেন। তার পরিচালিত উল্লেখযোগ্য চলচ্চিত্রের মধ্যে ‘মন্দ মেয়ের উপাখ্যায়ন’, ‘উড়ো জাহাজ’, ‘দূরত্ব’, ‘নিম অন্নপূর্ণা’, ‘গৃহযুদ্ধ’, ‘কালপুরুষ’ অন্যতম। বুদ্ধদেব দাশগুপ্ত তার নির্মিত একাধিক চলচ্চিত্রের জন্য পেয়েছেন জাতীয় পুরস্কারও।",0
https://www.somoynews.tv/news/2021-06-09/%E0%A6%AE%E0%A6%A8%E0%A7%8B%E0%A6%A8%E0%A7%9F%E0%A6%A8-%E0%A6%A8%E0%A6%BE-%E0%A6%95%E0%A6%BF%E0%A6%A8%E0%A7%87%E0%A6%87-%E0%A6%AB%E0%A6%BF%E0%A6%B0%E0%A7%87-%E0%A6%8F%E0%A6%B2%E0%A7%87%E0%A6%A8-%E0%A6%A1%E0%A6%BF%E0%A6%AA%E0%A6%9C%E0%A6%B2,"মনোনয়ন না কিনেই ফিরে এলেন ডিপজল","বিনোদন প্রতিবেদক","বিনোদন ও লাইফস্টাইল"," ৯ জুন, ২০২১","N/A","এমনটাই জানা গেছে আওয়ামী লীগের ধানমণ্ডি কার্যালয় সূত্রে।","ঢাকা-১৪ আসনের উপ-নির্বাচনে আওয়ামী লীগের প্রার্থী হতে আগ্রহী অভিনেতা মনোয়ার হোসেন ডিপজল। মনোনয়ন পত্র বিক্রির পঞ্চম দিনে আওয়ামী লীগ সভাপতির ধানমণ্ডির কার্যালয়ে গিয়েছিলেন তিনি। এ সময় তার সঙ্গে চলচ্চিত্রের একাধিক শিল্পীকে দেখা গেছে। কিন্তু মনোনয়ন পত্র না কিনেই ফিরে এসেছেন এ অভিনেতা।এমনটাই জানা গেছে আওয়ামী লীগের ধানমণ্ডি কার্যালয় সূত্রে। এ বিষয়ে জানতে ডিপজলের ব্যক্তিগত নম্বরে একাধিকবার ফোন করলেও রিসিভ করেননি তিনি। পরে বিষয়টির সত্যতা নিশ্চিত করেছেন আওয়ামী লীগের উপ-দপ্তর সম্পাদক সায়েম খান।বুধবার (৯ মে) সন্ধ্যায় সময় নিউজকে তিনি বলেন, দলীয় পদ-পদবী না থাকলে বা প্রাথমিক সদস্য না হলে আমরা কাউকে ফরম দেই না। ক্রাইটেরিয়ার সঙ্গে না মেলায় ডিপজল ফরম না নিয়েই চলে গেছেন।ফরম না নিয়ে চলে যাওয়ার কারণ জানতে চাইলে মঙ্গলবার (৮ মে) একটি সংবাদমাধ্যমকে বাংলাদেশ চলচ্চিত্র শিল্পী সমিতির সাধারণ সম্পাদক জায়েদ খান বলেন, ‘আমরা আরেকদিন আসব। কাগজপত্র সিগনেচার করা হয় নাই।’এদিকে ঢাকা-১৪ আসনে প্রার্থী হওয়ার ইচ্ছা প্রকাশ করে গেল মাসে নিজের ফেসবুকে একটি পোস্ট করেছিলেন ডিপজল। তিনি লিখেছিলেন, ‘মাননীয় প্রধানমন্ত্রী দেশরত্ন জননেত্রী শেখ হাসিনা যদি আমাকে ঢাকা-১৪ আসনে সংসদ সদস্য প্রার্থী হিসেবে মনোনয়ন প্রদান করেন, আমার এলাকার মানুষের সেবা করার সুযোগ দেন, তাহলে আমি নির্বাচনে প্রার্থী হতে আগ্রহী।’১৯৮৯ সালে ‘টাকার পাহাড়’ সিনেমার মাধ্যমে চলচ্চিত্রে পা রাখেন ডিপজল। অভিষেকের পর অসংখ্য সিনেমায় অভিনয় করেছেন তিনি। খলনায়ক হিসেবে দর্শক হৃদয়ে জায়গা করে নিয়েছেন এ অভিনেতা। তিনি একাধারে একজন অভিনেতা, প্রযোজক, পরিচালক, ব্যবসায়ী ও রাজনীতিবিদ। তিনি ঢাকার একটি ওয়ার্ড কাউন্সিলর ছিলেন।",0
https://www.somoynews.tv/news/2021-06-09/%E2%80%98%E0%A6%AE%E0%A6%BE%E0%A6%B8%E0%A7%81%E0%A6%A6-%E0%A6%B0%E0%A6%BE%E0%A6%A8%E0%A6%BE%E2%80%99-%E0%A6%B8%E0%A6%BF%E0%A6%A8%E0%A7%87%E0%A6%AE%E0%A6%BE%E0%A7%9F-%E0%A6%A5%E0%A6%BE%E0%A6%95%E0%A6%9B%E0%A7%87%E0%A6%A8-%E0%A6%A8%E0%A6%BE-%E0%A6%AA%E0%A6%BF%E0%A7%9F%E0%A6%BE-%E0%A6%9C%E0%A6%BE%E0%A6%A8%E0%A7%8D%E0%A6%A8%E0%A6%BE%E0%A6%A4%E0%A7%81%E0%A6%B2,"‘মাসুদ রানা’ সিনেমায় থাকছেন না পিয়া জান্নাতুল","আল কাছির","বিনোদন ও লাইফস্টাইল"," ৯ জুন, ২০২১","N/A","খবরের সত্যতা নিশ্চিত করেছেন জাজ মাল্টিমিডিয়ার কর্ণধার আবদুল আজিজ।","কাজী আনোয়ার হোসেনের ‘মাসুদ রানা’ অবলম্বনে জাজ মাল্টিমিডিয়া নির্মাণ করছে সিনেমা ‘এমআর-৯ মাসুদ রানা’। বিভিন্ন কারণে আলোচনায় সিনেমাটি। যৌথ প্রযোজনার এ সিনেমাটি পরিচালনা করছেন আসিফ আকবর। এতে ‘রূপা’ চরিত্রে অভিনয় করার কথা ছিল পিয়া জান্নাতুলের। জাজ মাল্টিমিডিয়ার অফিসিয়াল ফেসবুক পেজ থেকে বিষয়টি জানানো হয়েছিল।এবার জানা গেল নতুন খবর। ‘মাসুদ রানা’ অবলম্বনে ‘এমআর-৯’ সিনেমায় থাকছেন না পিয়া জান্নাতুল। মা হওয়ার কারণে এ সিনেমা থেকে সরে দাঁড়াতে হয়েছে তাকে। তার বদলে নতুন নায়িকা খুজঁছে প্রযোজনা সংস্থা।খবরের সত্যতা নিশ্চিত করেছেন জাজ মাল্টিমিডিয়ার কর্ণধার আবদুল আজিজ। বুধবার (৯ মে) তিনি বলেন, ‘পিয়া জান্নাতুল থাকছেন না। আমরা অন্য নায়িকা খুঁজছি। শিগগিরই আপনাদের জানাতে পারব।’‘এমআর-৯’ সিনেমার জন্য প্রস্তুতিও নিয়েছিলেন পিয়া জান্নাতুল। ফাইট প্র্যাকটিসও করেছিলেন তিনি। হঠাৎ সরে যাওয়ার বিষয়ে জানতে চাইলে এ অভিনেত্রী বলেন, ‘করোনার কারণে সিনেমার কাজটি পিছিয়ে গেল। তারপর আমার বাচ্চা হলো। বাচ্চা হওয়ার পর চিন্তা করলাম, এ সিনেমার কাজ করা সম্ভব না। কারণ অ্যারিস (অ্যারিস হাসান, পিয়ার ছেলে) এখনো অনেক ছোট। সবমিলিয়ে সিনেমাটি থেকে সরে আসলাম।’জাজের সঙ্গে সিনেমাটির সহ-প্রযোজক হিসেবে থাকছে হলিউডের সিলভার লাইন প্রোডাকশন। সিনেমাটিতে হলিউড ও ঢালিউডের একাধিক শিল্পী কাজ করবেন। বাংলাদেশ, থাইল্যান্ড, যুক্তরাষ্ট্র ও আফ্রিকায় সিনেমার চিত্রায়ণ হবে বলে প্রযোজনা সংস্থা থেকে জানানো হয়েছিল।‘এমআর-৯ মাসুদ রানা’ সিনেমায় নাম ভূমিকায় অভিনয় করবেন এবিএম সুমন। তার সঙ্গে সাঞ্জু জন, সাজ্জাদ হোসেনসহ আরও অনেকে থাকছেন। রেসলিং দুনিয়ার ভয়ঙ্কর তারকা দ্য গ্রেট খালিও থাকছেন এ সিনেমায়। এছাড়া ড্যানিয়েল বার্নহার্ড, মিকি রোর্ক, গ্যাব্রিয়েল্লা রাইট, মাইকেল প্যারের অভিনয়ের কথা রয়েছে। ",1
https://www.somoynews.tv/news/2021-06-09/%E0%A7%AF-%E0%A6%9C%E0%A7%81%E0%A6%A8--%E0%A6%87%E0%A6%A4%E0%A6%BF%E0%A6%B9%E0%A6%BE%E0%A6%B8%E0%A7%87%E0%A6%B0-%E0%A6%86%E0%A6%9C%E0%A6%95%E0%A7%87%E0%A6%B0-%E0%A6%8F%E0%A6%87-%E0%A6%A6%E0%A6%BF%E0%A6%A8%E0%A7%87,"৯ জুন: ইতিহাসের আজকের এই দিনে","অন্তু মুজাহিদ","বিনোদন ও লাইফস্টাইল"," ৯ জুন, ২০২১","N/A","আজ ৯ জুন, ২০২১, বুধবার। ২৬ জ্যৈষ্ঠ ১৪২৮ বঙ্গাব্দ। বাংলা গ্রেগরীয় বর্ষপঞ্জি অনুসারে বছরের ১৬০তম (অধিবর্ষে ১৬১তম) দিন। বছর শেষ হতে আরও ২০৫ দিন বাকি রয়েছে। একনজরে দেখে নিন ইতিহাসের এ দিনে ঘটে যাওয়া গুরুত্বপূর্ণ কিছু ঘটনা।","আজ ৯ জুন, ২০২১, বুধবার। ২৬ জ্যৈষ্ঠ ১৪২৮ বঙ্গাব্দ। বাংলা গ্রেগরীয় বর্ষপঞ্জি অনুসারে বছরের ১৬০তম (অধিবর্ষে ১৬১তম) দিন। বছর শেষ হতে আরও ২০৫ দিন বাকি রয়েছে। একনজরে দেখে নিন ইতিহাসের এ দিনে ঘটে যাওয়া গুরুত্বপূর্ণ কিছু ঘটনা। ঘটনাবলী৫৩ - রোমান সম্রাট নিরো ক্লডিয়া অক্টাভিয়াকে বিয়ে করেন এই দিনে।৬৮ - রোমান সম্রাট নিরো আত্মহত্যা করেন।১৫৩৫ - স্পেনীয় সৈন্যবাহিনী ল্যাতিন আমেরিকার দেশ প্যারাগুয়ে দখল করে। এর মধ্য দিয়ে দেশটিতে ২৭৬ বছরের স্পেনীয় ঔপনিবেশিক শাসনের সূচনা হয়।১৭৫২ - ভারতের ত্রিচিনোপলিতে ইংরেজদের কাছ ফরাসি সৈন্যরা আত্মসমর্পণ করে।১৯১৫ - আমেরিকান গিটারিস্ট ‘লিস পল’ জন্মগ্রহণ করেন। তিনি ইলেকট্রিক গিটারের বর্তমান রূপের জন্য গুরুত্বপূর্ণ ভূমিকা পালন করেন।১৯৩১ - প্রথম ডোনাল্ড ডাক কার্টুন প্রদর্শিত হয়।১৯৪০ - নরওয়ে জার্মানির কাছে আত্মসমর্পণ করে।১৯৫৬ - আফগানিস্তানে ভূমিকম্পে ৪০০ জনের মৃত্যু হয়।১৯৫৭ - ব্রিটিশ প্রধানমন্ত্রী অ্যান্থনি ইডেন পদত্যাগ করেন।১৯৬০ - চীনে টাইফুন মেরি আঘাত হানে। এক হাজার ৬০০ জনের মৃত্যু হয়।১৯৬৭ - ইসরাইলের সঙ্গে যুদ্ধে পরাজয়ের পর মিসরের প্রেসিডেন্ট কামাল আবদেল নাসেরের পদত্যাগ।১৯৭৩ - স্পেনে অ্যাডমিরাল রানেকা প্রধানমন্ত্রী হিসাবে শপথ গ্রহণ করেন। জন্ম১৬৪০ - রোমান শাসক লিওপড।১৬৭২ - রাশিয়ার প্রথম পিটার, ১৬৮২ থেকে মৃত্যুর আগ পর্যন্ত রাশিয়া শাসন করেন। (মৃত্যু-১৭২৫)১৭৮১ - জর্জ স্টিফেনসন, ব্রিটিশ প্রকৌশলী ও লোকোমোটিভ আবিষ্কারক। (মৃত্যু-১৮৪৮)১৮৩৬ - ইংল্যান্ডের প্রথম নারী মেয়র এলিজাবেথ গ্যারেট অ্যান্ডারসন।১৮৪৩ - বের্টা ফন জুটনার, অস্ট্রীয় ঔপন্যাসিক এবং শান্তিতে নোবেল পুরস্কারপ্রাপ্ত প্রথম নারী কবি। (মৃত্যু-১৯১৪)১৮৭৫ - হেনরি ডেল, ইংরেজ ওষুধ বিজ্ঞানী ও শারীর তত্ত্ববিদ। (মৃত্যু-১৯৬৮)১৯১৫ - লেস পল, মার্কিন জ্যাজ, কান্ট্রি এবং ব্লুজ গিটারবাদক, গীতিকার এবং আবিষ্কারক। (মৃত্যু-২০০৯)১৯১৬ - রবার্ট ম্যাকনামারা, মার্কিন যুক্তরাষ্ট্রের প্রতিরক্ষামন্ত্রী ছিলেন। (মৃত্যু-২০০৯)১৯৩১ - নন্দিনী শতপতি, একজন ভারতীয় রাজনীতিবিদ এবং লেখক ছিলেন। (মৃত্যু-২০০৯)১৯৪৯ - কিরণ বেদি, অবসরপ্রাপ্ত ভারতীয় পুলিশ পরিষেবা কর্মকর্তা এবং সামাজিক কর্মী।১৯৬৩ - জনি ডেপ, মার্কিন অভিনেতা, চলচ্চিত্র প্রযোজক এবং সুরকার।১৯৭৫ - অ্যান্ড্রু সাইমন্ডস, ইংল্যান্ডের বার্মিংহামে জন্মগ্রহণকারী অস্ট্রেলিয়ার সাবেক আন্তর্জাতিক ক্রিকেটার।১৯৭৭ - উসমান আফজাল, পাকিস্তানি বংশোদ্ভূত সাবেক ইংরেজ আন্তর্জাতিক ক্রিকেটার।১৯৮১ - ন্যাটালি পোর্টম্যান, ইসরায়েলী-মার্কিন চলচ্চিত্র অভিনেত্রী।১৯৮৪ - মাসুদ শোজেই, ইরানি ফুটবলার।১৯৮৫ - সোনম কাপুর, ভারতীয় অভিনেত্রী।১৯৮৭ - মুশফিকুর রহিম, বাংলাদেশি ক্রিকেটার। মৃত্যু১৮৩৪ - উইলিয়াম কেরী, ব্রিটিশ খ্রিস্টান ধর্মপ্রচারক ও বাংলা গদ্যরীতির প্রবর্তক। (জন্ম-১৭৬১)১৮৭০ - চার্লস ডিকেন্স, ঊনবিংশ শতকের অন্যতম শ্রেষ্ঠ ইংরেজ ঔপন্যাসিক। (জন্ম-১৮১২)১৯০০ - বিরসা মুন্ডা, ভারতের রাঁচি অঞ্চলের মুন্ডা আদিবাসী ও সমাজ সংস্কারক। (জন্ম-১৮৭৫)১৯৫৮ - রবার্ট ডোনাট, ইংরেজ চলচ্চিত্র ও মঞ্চ অভিনেতা। (জন্ম-১৯০৫)১৯৮৯ - জর্জ ওয়েলস বিডেল, মার্কিন জিনবিজ্ঞানী। (জন্ম-১৯০৩)২০১১ - মকবুল ফিদা হুসেন, ভারতের জনপ্রিয় চিত্রশিল্পী। (জন্ম-১৯১৫)২০১৫ - হেমন্ত কানিদকর, ভারতীয় ক্রিকেটার।",0
https://www.somoynews.tv/news/2021-06-09/%E0%A6%B9%E0%A6%A0%E0%A6%BE%E0%A7%8E-%E0%A6%89%E0%A6%A7%E0%A6%BE%E0%A6%93-%E0%A6%B8%E0%A6%BE%E0%A6%B2%E0%A6%AE%E0%A6%BE%E0%A6%A8%E0%A7%87%E0%A6%B0-%E0%A6%A8%E0%A6%BE%E0%A7%9F%E0%A6%BF%E0%A6%95%E0%A6%BE-%E0%A6%B0%E0%A6%AE%E0%A7%8D%E0%A6%AD%E0%A6%BE--%E0%A6%95%E0%A7%80-%E0%A6%95%E0%A6%B0%E0%A6%9B%E0%A7%87%E0%A6%A8-%E0%A6%A4%E0%A6%BF%E0%A6%A8%E0%A6%BF-,"হঠাৎ উধাও সালমানের নায়িকা রম্ভা, কী করছেন তিনি?","বিনোদন ডেস্ক","বিনোদন ও লাইফস্টাইল"," ৯ জুন, ২০২১","N/A","বহু বছর ধরে পর্দা থেকে গায়েব হয়েছেন বলিউড অভিনেত্রী রম্ভা। ‘জুড়ওয়া’, ‘বন্ধন’ এর মতো জনপ্রিয় সিনেমায় সালমন খানের নায়িকা হিসেবে কাজ করেছেন তিনি। কিন্তু খ্যাতি, সাফল্যকে দূরে সরিয়ে হঠাৎ হারিয়ে যাওয়া নায়িকা কোথায় কী করছেন?","আনন্দবাজার পত্রিকার এক প্রতিবেদনে জানা যায়, সিনেমা জগত থেকে বাস্তবের দুনিয়ায় মন দিয়েছেন রম্ভা। ইন্দ্রকুমার প্রথমানাথন নামে এক ব্যবসায়ীকে বিয়ে করে কানাডা প্রবাসী হয়েছেন তিনি। বর্তমানে লানিয়া, সাশা এবং শিবিন নামে তিন সন্তানের জননী তিনি। গত এপ্রিল মাসে জমকালো আয়োজনে ১১ বছরের বিবাহবার্ষিকী পালন করেছেন রম্ভা।পর্দা থেকে উধাও হলেও সামাজিক মাধ্যমে সক্রিয় রম্ভা। ফেসবুকে তার ৩ লাখ অনুসারী। বিভিন্ন ছবি, ভিডিও দিয়ে অনুসারীদের সঙ্গে যোগাযোগ রাখেন তিনি।হিন্দি ছবির ছাড়াও টলিউডেও জনপ্রিয়তা ছিল রম্ভার। এক দশকেরও বেশি আগে ‘দাদা’, ‘চিতা’, ‘রিফিউজি’ ইত্যাদি ছবিতে অভিনয় করে করে দর্শকদের মন জয় করেছিলেন তিনি। 
 ",0
https://www.somoynews.tv/news/2021-06-08/%E0%A6%95%E0%A6%AA%E0%A6%BF%E0%A6%B0%E0%A6%BE%E0%A6%87%E0%A6%9F-%E0%A6%86%E0%A6%87%E0%A6%A8-%E0%A6%9A%E0%A7%8D%E0%A6%AF%E0%A6%BE%E0%A6%B2%E0%A7%87%E0%A6%9E%E0%A7%8D%E0%A6%9C-%E0%A6%95%E0%A6%B0%E0%A7%87-%E0%A6%AE%E0%A6%BE%E0%A6%A8%E0%A7%8D%E0%A6%A8%E0%A6%BE%E0%A6%B0-%E0%A6%B8%E0%A7%8D%E0%A6%A4%E0%A7%8D%E0%A6%B0%E0%A7%80%E0%A6%B0-%E0%A6%B0%E0%A6%BF%E0%A6%9F,"কপিরাইট আইন চ্যালেঞ্জ করে মান্নার স্ত্রীর রিট","আবদুল আজিজ জুয়েল","বিনোদন ও লাইফস্টাইল"," ৮ জুন, ২০২১","N/A","কপিরাইট আইনের ৪টি ধারা চ্যালেঞ্জ করে হাইকোর্টে রিট করেছেন প্রয়াত নায়ক মান্নার স্ত্রী শেলী কাদের। সোমবার (৭ জুন) বিচারপতি এম ইনায়েতুর রহিমের নেতৃত্বাধীন হাইকোর্ট বেঞ্চে শেলী কাদেরের পক্ষে আইনজীবী নাজিরুল আলম এ রিট আবেদন দায়ের করেন।","রিটে কপিরাইট আইন-২০০০ (সংশোধনী ২০০৫) এর ২৪, ২৫, ২৬ ও ২৭ ধারার বৈধতা চ্যালেঞ্জ করা হয়েছে। রিট আবেদনে আইন মন্ত্রণালয়ের সচিবসহ সংশ্লিষ্টদের বিবাদী করা হয়েছে।  মঙ্গলবার (৮ জুন) বিষয়টি নিশ্চিত করেন শেলী কাদেরের আইনজীবী নাজিরুল আলম। তিনি বলেন, কপিরাইট আইনের ৪টি ধারার কারণে নায়ক মান্না প্রযোজিত ৮টি সিনেমা থেকে তার পরিবার আর্থিক সুবিধা থেকে বঞ্চিত হচ্ছে। তাই এ চারটি ধারা চ্যালেঞ্জ করে রিট করা হয়েছে।আরও পড়ুন: ক্ষতির মুখে সালমানের সিনেমার নির্মাতারা!তিনি আরও জানান, কপিরাইট আইনের চারটি ধারা অনুসারে কোনো প্রযোজককে কপিরাইটের লাইসেন্স দেওয়া হলে তা অনেকেই পূর্ণ মেয়াদের জন্য নিয়ে থাকেন। পূর্ণ মেয়াদের সীমা ৬০ বছর পর্যন্ত হয়। অথচ একই আইনে অন্যরকম বিধান রেখে বলা হয়েছে, যার দ্বারা ক্রিয়েটর ও প্রযোজকদের মধ্যে এমন কোনো চুক্তি হবে না যা কারো জন্য কঠিন হয়ে যায়। একইসঙ্গে এসব কাজের কপিরাইট অধিকার যেন উত্তরাধিকার সূত্রে পরিবারের সদস্যদের কাছে হস্তান্তরিত হয়, রিটে সে বিষয়েও নির্দেশনা চাওয়া হয়েছে।",0
https://www.somoynews.tv/news/2021-06-08/%E0%A6%B8%E0%A7%81%E0%A6%A8%E0%A7%8D%E0%A6%A6%E0%A6%B0%E0%A6%AC%E0%A6%A8%E0%A7%87-%E0%A6%A4%E0%A7%8D%E0%A6%B0%E0%A6%BE%E0%A6%A3-%E0%A6%AA%E0%A7%8C%E0%A6%81%E0%A6%9B%E0%A6%BE%E0%A6%B2%E0%A7%87%E0%A6%A8-%E0%A6%85%E0%A6%99%E0%A7%8D%E0%A6%95%E0%A7%81%E0%A6%B6-%E0%A6%90%E0%A6%A8%E0%A7%8D%E0%A6%A6%E0%A7%8D%E0%A6%B0%E0%A6%BF%E0%A6%B2%E0%A6%BE,"সুন্দরবনে ত্রাণ পৌঁছালেন অঙ্কুশ-ঐন্দ্রিলা","বিনোদন ডেস্ক","বিনোদন ও লাইফস্টাইল"," ৮ জুন, ২০২১","N/A","১৫০০ পরিবারের মাঝে ত্রাণ বিতরণ করেছেন তারা।","ঘূর্ণিঝড় ইয়াসের আঘাতে লন্ডভন্ড হয়ে গেছে সুন্দরবন। এখনো সে ধাক্কা সামলে উঠতে পারেনি সুন্দরবনের পাশে থাকা মানুষেরা। অসহায় অবস্থার দিন পার করেছেন অনেকে। এ অবস্থায় সেই সুন্দরবনের মানুষের পাশে দাঁড়ালেন টলিউডের লাভ বার্ডসখ্যাত অঙ্কুশ-ঐন্দ্রিলা।বন্ধু বিক্রম চ্যাটার্জিকে সঙ্গে নিয়ে ইয়াস বিধ্বস্ত এলাকায় চলে গেছেন অঙ্কুশ-ঐন্দ্রিলা। সেখানে টিম ‘সংকল্প’ এর মাধ্যমে সোমবার (৭ মে) ত্রাণ বিতরণ করেছেন তারা। সে ছবি শেয়ার করেছেন নিজেদের সামাজিক যোগাযোগামাধ্যমে। অঙ্কুশ লিখেছেন, ‘টিম সংকল্প পৌঁছে গেল সুন্দরবন। তোমাদের নিয়ে গর্বিত। সংকল্পের সঙ্গে যুক্ত হতে পেরেই আমি গর্বিত।’ভারতীয় সংবাদমাধ্যম সূত্রে জানা গেছে, দুর্যোগ কবলিত মানুষদের জন্য চাল, ডাল, আলু, পানিসহ নিত্য প্রয়োজনীয় জিনিস তুলে দিয়েছেন তারা। প্রায় ১৫০০ পরিবারের হাতে ত্রাণ বিতরণ করেছেন অঙ্কুশ, ঐন্দ্রিলা, বিক্রম।শুধু বিক্রম-অঙ্কুশ বা ঐন্দ্রিলাই নয়, একজোট হয়ে ইয়াসে ক্ষতিগ্রস্ত মানুষের পাশে দাঁড়িয়েছেন টলিপাড়ার অনেকে। পাশাপাশি করোনার সঙ্গে লড়াইয়ে সামনে থেকেও কাজ করছেন অনেকে। অভিনেতা ও সাংসদ দেব নিজের রেস্তোরাঁ থেকে বিনামূল্যে খাবার দিচ্ছেন করোনা আক্রান্তদের।যীশু সেনগুপ্ত, ঋদ্ধি সেন, ঋতব্রত মুখার্জিরা তৈরি করেছেন সেফ হোম। গাড়িতে করে অক্সিজেন পৌঁছে দিচ্ছেন সৃজিত-পরমব্রতরা। ওদিকে সিঙ্গাপুরে থেকেই বিশেষভাবে সক্ষম মানুষদের টিকার ব্যবস্থা করেছেন ঋতুপর্ণা সেনগুপ্ত।",0
https://www.somoynews.tv/news/2021-06-08/%E0%A6%96%E0%A7%81%E0%A6%AC-%E0%A6%B8%E0%A6%BE%E0%A6%A7%E0%A6%BE%E0%A6%B0%E0%A6%A3-%E0%A6%98%E0%A6%B0%E0%A7%87%E0%A6%B0-%E0%A6%AE%E0%A7%87%E0%A7%9F%E0%A7%87-%E0%A6%9B%E0%A6%BF%E0%A6%B2%E0%A6%BE%E0%A6%AE--%E0%A6%AC%E0%A6%B0%E0%A7%8D%E0%A6%B7%E0%A6%BE,"খুব সাধারণ ঘরের মেয়ে ছিলাম: বর্ষা","আল কাছির","বিনোদন ও লাইফস্টাইল"," ৮ জুন, ২০২১","N/A","সাক্ষাৎকারে এমনটাই বলেন তিনি","পুরো নাম আফিয়া নুসরাত বর্ষা। চিত্রনায়িকা বর্ষা হিসেবেই ব্যাপক পরিচিত তিনি। ‘খোঁজ-দ্য সার্চ’ সিনেমায় অভিনয় করে চলচ্চিত্রে পা রাখেন বর্ষা। ইফতেখার চৌধুরী পরিচালিত এ সিনেমায় চিত্রনায়ক অনন্ত জলিলের বিপরীতে অভিনয় করেছেন তিনি। এরপর একসঙ্গে অনেকগুলো সিনেমায় অভিনয় করেছেন অনন্ত-বর্ষা। পর্দার ‍জুটি বাস্তব জীবনেও সফল জুটিতে পরিণত হয়েছে।সম্প্রতি সময় টেলিভিশনের ‘অতঃপর আমি’ অনুষ্ঠানে অতিথি হয়ে এসেছিলেন বর্ষা। কথা বলেছেন নিজের জীবনের নানা অজানা বিষয়ে। পাশপাশি করেছেন ছোটবেলার স্মৃতিচারণ। জানিয়েছেন নিজের ভবিষ্যত পরিকল্পনাও।ছোটবেলার স্মৃতিচারণ করতে গিয়ে বর্ষা বলেন, ‘আমি খুব সাধারণ ঘরের মেয়ে ছিলাম। এমনও হয়েছে সকালে আনমনে স্কুলে চলে গিয়েছিলাম। আমার ঘরে খাবারও ছিল না যে আমি এটা খেয়ে যাব। হঠাৎ করে স্কুলে জ্ঞান হারিয়ে ফেলেছিলাম। তারপর আমার টিচার আমাকে তার বাসায় নিয়ে গিয়ে ডিম দিয়ে খিচুড়ি খাইয়েছিলেন। তারপর আবার ক্লাসে আসি।’কথাগুলো বলতে বলতে কয়েক সেকেন্ডের জন্য থেমে যান বর্ষা। তার চোখের কোণায় পানি জমে যায়। নিজেকে সামলে অভিনেত্রী আরও বলেন, ‘আমার ৮-১০ বছর পর্যন্ত অনেক কষ্টে দিন কেটেছে। খাবারটাও ঠিকমতো পাইনি। তারপর আলহামদুলিল্লাহ, আমার ফ্যামিলি এটাকে ওভারকাম করতে পেয়েছে।’ছোটবেলা থেকেই মানুষের ভালোবাসা অনেক বেশি পেতেন বলেন জানান চিত্রনায়িকা বর্ষাা। তার ভাষায়, ‘প্রাইমারি শেষ করে হাইস্কুলে যাওয়ার পরও টিচারদের ভালোবাসা পেয়েছি। বার্ষিক অনুষ্ঠানে নাটক করতে শিক্ষকরা আমাকে ছেলেদের চরিত্রগুলো দিতেন। একবার চেয়ারম্যান চরিত্রে অভিনয় করে কলম উপহার পেয়েছিলাম।’ছোটবেলায় মাকে খুব ভয় পেতেন। বাবা সবচেয়ে বেশি আদর করতেন বর্ষাকে। সিরাজগঞ্জে বেড়ে ওঠা বর্ষার ঝোঁক ছিল বাংলা সিনেমার প্রতি। পাশে বাড়িতে গিয়ে দেখতেন বাংলা সিনেমা। এ কারণে মায়ের হাতে বকাও খেয়েছেন প্রচুর। কলেজ পাস করে বিশ্ববিদ্যালয়ে পড়ার জন্য ঢাকায় আসেন বর্ষা। এরপর নিজেকে যুক্ত করেছেন শোবিজ দুনিয়ায়। মডেলিং থেকে পা রেখেছেন বড়পর্দায়।ছোটবেলা ফিরে যেতে চান? এমন প্রশ্নের উত্তরে বর্ষা বলেন, ‘সত্যি কথা বলতে কী, আমি আসলে ছোটবেলায় ফিরে যেতে চাই না। কারণ অনেক কষ্টে বড় হয়েছি। তবে ধানমন্ডি লেকে গিয়ে চটপটি-ফুসকা খাওয়া, নদীর ধারে বসা, বান্ধবীদের সঙ্গে গল্প করা খুব মিস করি। এখন চাইলেই এগুলো করতে পারি না। আমার কাছে মনে হয়- ইশ, ওই দিনগুলোতে যদি ফিরে যেতে পারতাম। তাহলে বান্ধবীদের অনেক ভালো ভালো খাওয়াতে পারতাম। হাহাহা।’যোগ করে বর্ষা আরও বলেন, ‘আমার অতীতকে আমি একদমই ভুলতে চাই না। অনেকে আগে রঙিন দুনিয়াতে এসে অতীত ভুলে গেছে। কিন্তু কেন? আজকে সবাই দেখছে আমার স্ট্যাটাস, আমার পজিশন। এটা দেখে তো অনেকের ভালো লাগতে পারে, অনুপ্রেরণা পেতে পারে। মানুষ স্বপ্নও দেখতে পারে।’বর্ষা বর্তমানে ব্যস্ত ‘নেত্রী-দ্য লিডার’ সিনেমার কাজ নিয়ে। তুরস্কের সঙ্গে যৌথ প্রযোজনায় নির্মিত হচ্ছে এটি। ভারতের হায়দারাবাদে চিত্রায়ণ হয়েছে এ সিনেমার কিছু অংশের। করোনা পরিস্থিতি ভালো হলে বাকি অংশের কাজ শুরু হওয়ার কথা রয়েছে। এছাড়া মুক্তির অপেক্ষায় আছে বর্ষা অভিনীত ‘দিন-দ্য ডে’ সিনেমাটি। ইরানের সঙ্গে যৌথ প্রযোজনায় নির্মিত হয়েছে এটি। অভিনয়ের পাশপাশি সিনেমা দুটি প্রযোজনা করেছেন অনন্ত জলিল।",0
https://www.somoynews.tv/news/2021-06-08/%E0%A6%AA%E0%A6%BE%E0%A6%95%E0%A6%BF%E0%A6%B8%E0%A7%8D%E0%A6%A4%E0%A6%BE%E0%A6%A8%E0%A6%BF-%E0%A6%B8%E0%A6%BF%E0%A6%B0%E0%A6%BF%E0%A7%9F%E0%A6%BE%E0%A6%B2%E0%A7%87-%E0%A6%B0%E0%A6%AC%E0%A7%80%E0%A6%A8%E0%A7%8D%E0%A6%A6%E0%A7%8D%E0%A6%B0%E0%A6%A8%E0%A6%BE%E0%A6%A5%E0%A7%87%E0%A6%B0-%E0%A6%97%E0%A6%BE%E0%A6%A8!,"পাকিস্তানি সিরিয়ালে রবীন্দ্রনাথের গান!","বিনোদন ডেস্ক","বিনোদন ও লাইফস্টাইল"," ৮ জুন, ২০২১","N/A","রীতিমত আলোচনা শুরু হয়েছে এটি নিয়ে।","নেট দুনিয়ায় ছড়িয়ে পড়েছে এটি ভিডিও। তাতে দেখা যাচ্ছে, সোফায় বসা চারটি চরিত্র। একজন গেয়ে উঠল ‘আমার পরান যাহা চায়’। বাকিরা মুগ্ধ হয়ে শুনছে গানটি। সবার চোখে মুখ ভালোবাসা ফুটে উঠেছে।দৃশ্যটি মূলত পাকিস্তানের ‘দিল কেয়া করে’ সিরিয়ালের। যার কেন্দ্রীয় চরিত্রে জুটিবদ্ধ হয়েছেন ফিরোজ খান এবং যুম্মা জাইদি। মেহরীন জব্বার পরিচালিত এ সিরিয়ালটির প্রচার শুরু হয়েছিল ২০১৯ সালে। প্রচারের পর থেকেই বেশ জনপ্রিয়তা পেয়েছিল ‘দিল কেয়া করে’।আরমান ও সাদী ভালো বন্ধু। তার মধ্যে যুক্তরাস্ট্র থেকে আসে আইমান। সে আরমানের প্রেমে পড়ে। সাদীও আরমানকে পছন্দ করে। আরমানকে নিয়ে আইমান ও সাদীর টানাপোড়েন গল্পই তুলে ধরা হয়েছে ‘দিল কেয়া করে’ সিরিয়ালে।পাকিস্তানি সিরিয়ালে রবীন্দ্রনাথ ঠাকুরের গান নিয়ে কয়েকদিন ধরে বেশ আলোচনা চলছে নেট দুনিয়ায়। মিশ্র প্রতিক্রিয়া ব্যক্ত করেছেন অনেকে। অজয় দাশগুপ্ত পোস্টটি শেয়ার করে ফেসবুকে লিখেছেন, ‘রবীন্দ্রসঙ্গীত কোনো সীমানার সীমাবদ্ধতা মানে না।’ দেবযানী গোস্বামী নামের একজন লিখেছেন, ‘অসাধারণ গেয়েছেন। রবীন্দ্রসংগীত যেমন গাওয়া হয় ঠিক তেমন, পারফেক্ট মনে হলো। অনেক অনেক ভালোবাসা।’জানা গেছে, সিরিয়ালের এই দৃশ্যটি প্রায় দুই বছর আগের। সম্প্রতি দৃশ্যটি নজরে এসেছে। সিরিয়ালটির পরিচালক মেহরীন জব্বার সাদাকালো একটি ভিডিও শেয়ার করে লিখেছিলেন, ‘শর্বরী দেশপাণ্ডে গানটি গেয়েছিলেন।’",1
https://www.somoynews.tv/news/2021-06-08/%E0%A6%95%E0%A7%8D%E0%A6%B7%E0%A6%A4%E0%A6%BF%E0%A6%B0-%E0%A6%AE%E0%A7%81%E0%A6%96%E0%A7%87-%E0%A6%B8%E0%A6%BE%E0%A6%B2%E0%A6%AE%E0%A6%BE%E0%A6%A8%E0%A7%87%E0%A6%B0-%E0%A6%B8%E0%A6%BF%E0%A6%A8%E0%A7%87%E0%A6%AE%E0%A6%BE%E0%A6%B0-%E0%A6%A8%E0%A6%BF%E0%A6%B0%E0%A7%8D%E0%A6%AE%E0%A6%BE%E0%A6%A4%E0%A6%BE%E0%A6%B0%E0%A6%BE!,"ক্ষতির মুখে সালমানের সিনেমার নির্মাতারা!","বিনোদন ডেস্ক","বিনোদন ও লাইফস্টাইল"," ৮ জুন, ২০২১","N/A","করোনায় আটকে গেছে ‘টাইগার থ্রি’ সিনেমার শুটিং।","ক্যাটরিনা কাইফকে নিয়ে লকডাউনের আগে ‘টাইগার থ্রি’ সিনেমার কাজ শুরু করেছিলেন সালমান খান। কিন্তু মুম্বাইয়ের করোনা পরিস্থিতি ভয়াবহ আকার ধারণ করায় বন্ধ হয় যায় শুটিং। ফলে ৮-৯ কোটি ভারতীয় রুপি ক্ষতির হচ্ছে নির্মাতাদের। এমন তথ্য দিয়েছে টিভি নাইন বাংলা।প্রতিবেদন থেকে জানা যায়, এ সিনেমার জন্য ব্যয়বহুল সেট তৈরি করা হয়েছিল। বৃষ্টির কারণে সেই সেটও ভেঙে গেছে। পুরনো সেট ভেঙে নতুন সেট তৈরি সিদ্ধান্ত নেওয়া হয়েছে। দ্রুত সেট তৈরি করা হবে, কাজ করবে প্রায় ১৫০ কর্মী।‘টাইগার থ্রি’ নির্মাণ করছেন মনিশ শর্মা। ক্যাটরিনার বিপরীতে এ সিনেমায় অভিনয় করছেন সালমান খান। তাদের সঙ্গে একটি বিশেষ চরিত্রে অভিনয় করবেন ইমরান হাশমি। যশ রাজ ফিল্মসের ব্যানারে তৈরি হচ্ছে সিনেমাটি।‘টাইগার’ সিরিজের আগের সিনেমা ‘এক থা টাইগার’ এবং ‘টাইগার জিন্দা হ্যায়’। ২০২১ সালে মুক্তি পেয়েছিল ‘এক থা টাইগার’। আর ‘টাইগার জিন্দা হ্যায়’ মুক্তি পেয়েছিল ২০১৭ সালে।এদিকে বলিউড ভাইজানকে দুর্নীতিবাজ এবং অর্থ পাচারের লেনদেনের সঙ্গে জড়িত বলায় কামাল আর খানের বিরুদ্ধে মুম্বাইয়ের আদালতে মানহানির অভিযোগ করেছেন সালমান খান। সালমান খান তার ব্র্যান্ড ‘বিইং হিউম্যান’ জালিয়াতি, কারসাজি এবং অর্থ পাচারের লেনদেনের সঙ্গে জড়িত বলে দাবি করেন কামাল। তাই তার বিরুদ্ধে এই অভিযোগ দায়ের করা হয়েছে বলে বলিউডের সংবাদমাধ্যমকে জানিয়েছেন সালমানের আইনজীবী।এর আগে, সালমানের নতুন সিনেমা ‘রাধে-ইয়োর মোস্ট ওয়ান্টেড ভাই’ এর সমালোচনা করায় সালমান তার বিরুদ্ধে মামলা করেছেন বলে প্রচার হয়েছিল। পরে সালমানের পক্ষে তার আইনজীবী জানান, সালমানের সিনেমার রিভিউ করার কারণে তার বিরুদ্ধে এ মামলা নয়।",0
https://www.somoynews.tv/news/2021-06-08/%E0%A6%B9%E0%A6%BF%E0%A6%AE%E0%A7%87%E0%A6%B6%E0%A6%95%E0%A7%87-%E0%A6%9A%E0%A7%9C-%E0%A6%AE%E0%A6%BE%E0%A6%B0%E0%A6%A4%E0%A7%87-%E0%A6%9A%E0%A7%87%E0%A7%9F%E0%A7%87%E0%A6%9B%E0%A6%BF%E0%A6%B2%E0%A7%87%E0%A6%A8-%E0%A6%86%E0%A6%B6%E0%A6%BE-%E0%A6%AD%E0%A7%8B%E0%A6%81%E0%A6%B8%E0%A6%B2%E0%A7%87,"হিমেশকে চড় মারতে চেয়েছিলেন আশা ভোঁসলে","বিনোদন ডেস্ক","বিনোদন ও লাইফস্টাইল"," ৮ জুন, ২০২১","N/A","এমন তথ্যই প্রকাশ করেছে ভারতীয় সংবাদমাধ্যম","ভারতীয় সঙ্গীত পরিচালক হিমেশ রেশামিয়া নিজেকে এক সময় কিংবদন্তি সঙ্গীত পরিচালক রাহুল দেব বর্মণের (আর ডি বর্মণ) তুলনা করেছিলেন। তিনি দাবি করেছিলেন, আর ডি বর্মণও তার মতোই কিছুটা ‘নাকি সুরে’ গান করতেন। তবে হিমেশের এই মন্তব্য মেনে নিতে পারেননি বর্ষীয়ান গায়িকা আশা ভোঁসলে।আনন্দবাজার পত্রিকার এক প্রতিবেদনে বলা হয়, পেশাগত জীবনের শুরু একের পর এক হিট গান উপহার দিলেও তার গান গাওয়ার ধরন নিয়ে অস্বস্তি প্রকাশ করতেন শ্রোতাদের একাংশ। সে সময় ‘নাকি সুরে’ গান গাওয়ায় তুমুল বিদ্রুপের পাত্র হয়েছিলেন তিনি।২০০৬ সালে এসব বিদ্রুপের জবাবেই আর ডি বর্মণের প্রসঙ্গ টেনে আনেন তিনি। তার বক্তব্য ক্ষেপে গিয়েছিলেন আশা। এক সংবাদমাধ্যমকে তিনি বলেছিলেন, ‘কেউ যদি বলেন বর্মণ সাহেব নাক দিয়ে গাইতেন, তাকে চড় মারা উচিত।’তবে নিজের ভুল বুঝতে দেরি করেননি হিমেশ। দ্রুত বিতর্কের ইতি টানতে আশার কাছে ক্ষমা চেয়েছিলেন তিনি। ",0
https://www.somoynews.tv/news/2021-06-08/%E0%A6%A8%E0%A6%BF%E0%A6%B6%E0%A7%87%E0%A6%BE-%E0%A6%AE%E0%A7%87%E0%A6%B9%E0%A6%9C%E0%A6%BE%E0%A6%AC%E0%A7%80%E0%A6%A8%E0%A7%87%E0%A6%B0-%E2%80%98%E0%A6%98%E0%A6%9F%E0%A6%A8%E0%A6%BE-%E0%A6%B8%E0%A6%A4%E0%A7%8D%E0%A6%AF%E2%80%99,"নিশো-মেহজাবীনের ‘ঘটনা সত্য’","বিনোদন প্রতিবেদক","বিনোদন ও লাইফস্টাইল"," ৮ জুন, ২০২১","N/A","শিগগিরই মুক্তি পাবে নাটকটি","ছোটপর্দার আলোচিত জুটি আফরান নিশো ও মেহজাবীন চৌধুরী। একাধিক নাটকে ভিন্ন চরিত্রে অভিনয় করে দর্শকপ্রিয়তা পেয়েছেন তারা। এবার ‘ঘটনা সত্য’ শিরোনামের একটি নাটকে অভিনয় করেছেন তারা। এটি নির্মাণ করেছেন রুবেল হাসান।প্রযোজনা প্রতিষ্ঠান সিএমভি’র ব্যানারে নির্মিত হয়েছে নাটকটি। নাটকে ‘গাড়ি চালক’ চরিত্রে অভিনয় করেছেন নিশো। তার বিপরীতে ‘গৃহপরিচারিকা’ চরিত্রে দেখা যাবে মেহজাবীনকে। শিগগিরই সিএমভি’র ইউটিউব চ্যানেলে নাটকটি প্রকাশ হবে বলে জানান প্রযোজক এসকে সাহেদ আলী পাপ্পু।গল্পে দেখা যাবে, পাশাপাশি দুটি ফ্ল্যাটের গৃহপরিচারিকা ও গাড়ির চালক মুকুল-বিলকিছ। বিলকিছ বাজার থেকে সস্তা-পচা সবজি কিনে, ফ্রিজে রাখা খাবার এঁটো করে, বাসায় অন্যের কসমেটিকস ইচ্ছেমতো ব্যবহার করে, অপচয় করে। আর মুকুল মিথ্যা বলে, ডিউটি বাদ দিয়ে অন্য যাত্রী বহন করে, লুকিয়ে গাড়ির তেল বিক্রি করে। ঘটনাক্রমে তাদের মধ্যে মিষ্টি প্রেমের সম্পর্ক গড়ে ওঠে। তারপর গল্প এগিয়ে যায়।নাটকটি প্রসঙ্গে নির্মাতা রুবেল হাসান বলেন, ‘গল্পের শুরুটা মিথ্যা আর চুরি দিয়ে হলেও শেষে সেটি মানবিক একটি প্রেমের গল্পে রূপ নেয়। গল্পটি ব্যতিক্রম, নিশো ভাই আর মেহজাবীন আপু অসাধারণ অভিনয় করেছেন। একেবারে চরিত্র দুটির সঙ্গে তারা মিশে গেছেন। আশা করছি দর্শকরা কাজটি দেখে মুগ্ধ হবেন। পাবেন অন্য এক বার্তা।’",0
https://www.somoynews.tv/news/2021-06-08/%E0%A6%AC%E0%A6%BF%E0%A7%9F%E0%A7%87%E0%A6%B0-%E0%A6%AA%E0%A7%8D%E0%A6%B0%E0%A6%B8%E0%A7%8D%E0%A6%A4%E0%A6%BE%E0%A6%AC-%E0%A6%86%E0%A6%B8%E0%A6%A4%E0%A7%87-%E0%A6%AA%E0%A6%BE%E0%A6%B0%E0%A7%87-%E0%A6%95%E0%A7%81%E0%A6%AE%E0%A7%8D%E0%A6%AD%E0%A6%A4%E0%A7%87--%E0%A6%AC%E0%A7%83%E0%A6%B7%E0%A7%87-%E0%A6%A6%E0%A6%BE%E0%A6%AE%E0%A7%8D%E0%A6%AA%E0%A6%A4%E0%A7%8D%E0%A6%AF-%E0%A6%B6%E0%A6%BE%E0%A6%A8%E0%A7%8D%E0%A6%A4%E0%A6%BF%E0%A6%AE%E0%A7%9F,"বিয়ের প্রস্তাব আসতে পারে কুম্ভতে, বৃষে দাম্পত্য শান্তিময়","অন্তু মুজাহিদ","বিনোদন ও লাইফস্টাইল"," ৮ জুন, ২০২১","N/A","আজ ৮ জুন ২০২১, মঙ্গলবার। ভাগ্যরেখা অনুযায়ী আপনার আজকের দিনটি কেমন কাটতে পারে? ব্যক্তি, পারিবারিক ও কর্মক্ষেত্র সম্পর্কে কী বলছে জ্যোতিষশাস্ত্র? এ বিষয়গুলো সম্পর্কে যারা দিনের শুরুতেই কিছুটা ধারণা নিয়ে রাখতে চান তারা একবার পড়ে নিতে পারেন আজকের রাশিফল।","আজ ৮ জুন ২০২১, মঙ্গলবার। ভাগ্যরেখা অনুযায়ী আপনার আজকের দিনটি কেমন কাটতে পারে? ব্যক্তি, পারিবারিক ও কর্মক্ষেত্র সম্পর্কে কী বলছে জ্যোতিষশাস্ত্র? এ বিষয়গুলো সম্পর্কে যারা দিনের শুরুতেই কিছুটা ধারণা নিয়ে রাখতে চান তারা একবার পড়ে নিতে পারেন আজকের রাশিফল।ধনু: শিক্ষার্থীদের জন্য লেখাপড়ায় নতুন উদ্যম আসতে পারে। ব্যবসাক্ষেত্রে আপনি বেশ কিছু দূরদর্শী সিদ্ধান্ত নিতে পারেন। যৌথ বিনিয়োগ শুভ নয়। কর্মক্ষেত্রে সহকর্মীদের সঙ্গে চমৎকার সম্পর্ক সৃষ্টি হতে পারে।মকর: মাথা ঠাণ্ডা রেখে আজ নতুন কাজ করবেন। মিথুন রাশির কোনো লোক আপনার উপকার করতে পারে। মনোজগতে একটা পরিবর্তন আসতে পারে। যাত্রা শুভ।কুম্ভ: আজ সুখবর পেতে পারেন। এমনকি নতুন চাকরির সুযোগ হতে পারে। পাত্র-পাত্রীর বিয়ের প্রস্তাব বেশ জোরালোভাবে আসতে পারে। পারিবারিক সম্পর্ক ভালো থাকবে।মীন: আপনার পরিচিতি এবং কাজের পরিধি আরো বাড়তে পারে। আপনি কাজ করে ফল পান না। অনেক দিন পরে কোনো কাজের ফল পেতে পারেন। শিক্ষার্থীদের জন্য দিনটি শুভ। মানসিক শান্তি বজায় থাকবে।মেষ: আপনি অনেক দিন ধরেই চেষ্টা করছেন পছন্দমতো কিছু করার। আজই সেই কাজ করার সময়। চেষ্টা চালিয়ে যান। সময় আপনার পক্ষে কাজ করবে। যারা সৃজনশীল কাজে যুক্ত আছেন তাঁরা প্রশংসা অর্জন করবেন।বৃষ: পারিবারিক সাফল্যের মধ্য দিয়ে শুরু হবে দিনটি। সামাজিক কাজকর্মে উৎসাহী হয়ে পড়তে পারেন। কেউ কেউ ভ্রমণে বের হতে পারেন। অপ্রত্যাশিত অর্থ যোগ রয়েছে। দাম্পত্য সুখ শান্তিময়।মিথুন: প্রিয়জনেরা আপনার প্রতি আন্তরিক থাকবেন। অর্থ উপার্জনের নতুন সুযোগ ও পথ খুঁজে পাওয়া যাবে। অমীমাংসিত কিছু বিষয় মীমাংসা হবে। শরীর ও মন ফুরফুরে মেজাজে থাকবে। ভালো কাজে ইতিবাচক সাড়া পাবেন। শুভ কামনা করি।কর্কট: মনকে প্রশ্ন করুন, আসলে আপনি কী চান। অর্থ কিংবা মন কোনোটা নিয়েই জুয়া খেলতে যাবেন না। আজ অবসরের কিছু সময় পাবেন, উপভোগ করুন। সিনেমা-থিয়েটার খুঁজতে পারেন। দাম্পত্য সম্পর্ক বজায় থাকবে।",0
https://www.somoynews.tv/news/2021-06-08/%E0%A7%AE-%E0%A6%9C%E0%A7%81%E0%A6%A8--%E0%A6%87%E0%A6%A4%E0%A6%BF%E0%A6%B9%E0%A6%BE%E0%A6%B8%E0%A7%87-%E0%A6%86%E0%A6%9C%E0%A6%95%E0%A7%87%E0%A6%B0-%E0%A6%8F%E0%A6%87-%E0%A6%A6%E0%A6%BF%E0%A6%A8%E0%A7%87,"৮ জুন: ইতিহাসে আজকের এই দিনে","অন্তু মুজাহিদ","বিনোদন ও লাইফস্টাইল"," ৮ জুন, ২০২১","N/A","আজ ৮ জুন, ২০২১, মঙ্গলবার। ২৫ জ্যৈষ্ঠ ১৪২৮ বঙ্গাব্দ। গ্রেগরীয় বর্ষপঞ্জি অনুসারে বছরের ১৫৯তম (অধিবর্ষে ১৬০তম) দিন। বছর শেষ হতে আরও ২০৬ দিন বাকি রয়েছে। এক নজরে দেখে নিন ইতিহাসের এ দিনে ঘটে যাওয়া গুরুত্বপূর্ণ কিছু ঘটনা।","আজ ৮ জুন, ২০২১, মঙ্গলবার। ২৫ জ্যৈষ্ঠ ১৪২৮ বঙ্গাব্দ। গ্রেগরীয় বর্ষপঞ্জি অনুসারে বছরের ১৫৯তম (অধিবর্ষে ১৬০তম) দিন। বছর শেষ হতে আরও ২০৬ দিন বাকি রয়েছে। এক নজরে দেখে নিন ইতিহাসের এ দিনে ঘটে যাওয়া গুরুত্বপূর্ণ কিছু ঘটনা।ঘটনাবলি:১৬২৪ -  পেরুতে ভূমিকম্প আঘাত হানে।১৬৫৮ -  পুত্র আওরঙ্গজেব পিতা মোগল সম্রাট শাহজাহানকে ৫ দিন অন্তরীণ রেখে আগ্রা দুর্গ দখল করেন।১৭০০ -  ইস্ট ইন্ডিয়া কোম্পানি সুতানুটির বদলে ক্যালকাটা লেখা শুরু করে।১৮৩০ -  জার্মান আবিষ্কারক কামবোর্জ দিয়াশলাই আবিষ্কার করেন।১৮৫৫ -  পর্তুগালের রাজধানী লিসবনে এক ভয়াবহ ভূমিকম্প হলে সেখানে অগ্নিকান্ড ছড়িয়ে পড়ে এবং এর ফলে শহরটির অধিকাংশ স্থাপনা ধ্বংস হয়ে যায়।১৯২৩ -  বুলগেরিয়ায় ফ্যাসিস্ট বাহিনী ষড়যন্ত্রমূলকভাবে ক্ষমতায় আসে।১৯৩০ -  রুমানিয়ার রাজা দ্বিতীয় ক্যারালের সিংহাসন পুনর্দখল।১৯৩৬ -  ইন্ডিয়ান স্টেট ব্রডকাস্টিং সার্ভিসের নাম বদলে অল ইন্ডিয়া রেডিও রাখা হয়।১৯৩৮ -  জাপান চীনে বোমা বর্ষণ শুরু করে। চীনে জাপানের এই বোমা বর্ষণ দশ দিন ধরে অব্যাহত ছিল।১৯৩৯ -  ইংল্যান্ডের রাজা ষষ্ঠ জর্জ মার্কিন যুক্তরাষ্ট্র সফরে যান।১৯৪৮ -  ভারত-ব্রিটেন আন্তর্জাতিক বিমান চলাচল শুরু।১৯৪৯ -  শ্যাম দেশের নাম বদলে থাইল্যান্ড রাখা হয়।১৯৫৯ -  মার্কিন যুক্তরাষ্ট্র বিশ্বে পারমাণবিক শক্তিচালিত প্রথম সাবমেরিন তৈরি করে।১৯৬৩ -  আমেরিকান হার্ট অ্যাসোসিয়েশন ধূমপান বিরোধী প্রচার শুরু করে।১৯৬৮ -  বারমুডার সংবিধান গৃহীত হয়।১৯৬৮ -  মার্কিন সিনেটর রবার্ট এফ কেনেডি আর্লিংটনে চিরনিদ্রায় শায়িত হন।১৯৭০ -  আর্জেন্টিনায় সামরিক বাহিনী ক্ষমতা দখল করে।১৯৮৮ -  নাইজেরিয়ায় একনায়ক সানি আবাচারের আকস্মিক মৃত্যুর মধ্য দিয়ে দেশটিতে গণতন্ত্রের পথ উন্মুক্ত।১৯৯০ -  ৪৪ বছরের মধ্যে চেকোশ্লোভাকিয়ায় প্রথম অবাধ নির্বাচন অনুষ্ঠিত। যেখানে ডাকলাভ হাভেল প্রেসিডেন্ট নির্বাচিত হন।১৯৯১ -  পাকিস্তানের ঘোটকিতে ভয়াবহ ট্রেন দুর্ঘটনায় কমপক্ষে ১০০ লোক নিহত।১৯৯২ -  ইহুদিবাদী ইসরাইলের গোয়েন্দা সংস্থা মোসাদ প্যারিসে অবস্থানরত একজন ফিলিস্তিনী নেতাকে হত্যা করে।১৯৯৫ -  সাইপ্রাসে ৯৯% ভোটার পৃথক তুর্কী সাইপ্রিয়ট রাষ্ট্রের পক্ষে রায় দেয়।২০০২ -  বাংলাদেশ পূর্ব তিমুরকে স্বীকৃতি দেয়।জন্ম:১৩১৮ -  রাজা দ্বিতীয় এডওয়ার্ডের কন্যা ইলিওনা প্ল্যান্টাগ্যানেটের জন্ম।১৯৫৫ -  টিম বার্নার্স-লি, ওয়ার্ল্ড ওয়াইড ওয়েবের জনক এর জন্ম।মৃত্যু:১৮০৯ -  ব্রিটেনের বিখ্যাত লেখক ও দার্শনিক থমাস পাইন পরলোকগমন করেন।১৮৪৫ -  এন্ড্রু জ্যাক্সন,মার্কিন যুক্তরাষ্ট্রের সপ্তম রাষ্ট্রপতি এর মৃত্যু।১৯৫৩ -  টর্নেডোতে মিশিগান ও ওহাইয়োতে ১১০ জনের মৃত্যু।১৯৬৯ -  হলিউডের খ্যাতনামা অভিনেতা রবার্ট টেলরের মৃত্যু।১৯৭০ -  আব্রাহাম মাসলো, একজন আমেরিকান মনোবিজ্ঞানী এর মৃত্যু।১৯৯৮ -  সানি আবাচা, নাইজেরিয়ার সাবেক রাষ্ট্রপতি এর মৃত্যু।দিবস:আজ আন্তর্জাতিক মহাসাগর দিবস।আজ আন্তর্জাতিক আল-কুদস দিবস।",0
https://www.somoynews.tv/news/2021-06-07/%E0%A6%8F%E0%A6%95%E0%A6%9F%E0%A6%BF-%E0%A6%86%E0%A6%AE%E0%A7%87%E0%A6%B0-%E0%A6%A6%E0%A6%BE%E0%A6%AE%E0%A6%87-%E0%A7%A7%E0%A7%A8%E0%A7%A6%E0%A7%A6-%E0%A6%9F%E0%A6%BE%E0%A6%95%E0%A6%BE!,"একটি আমের দামই ১২০০ টাকা!","আব্দুল করিম","বিনোদন ও লাইফস্টাইল"," ৭ জুন, ২০২১","N/A","স্বাদ, পুষ্টি ও গন্ধে অতুলনীয় জনপ্রিয় একটি ফল আম। সুস্বাদু এই ফলটি খেতে পছন্দ করেন না, এমন মানুষ বোধহয় খুঁজে পাওয়া মুশকিল। বাজারে গেলেই পাওয়া যায় অনেক জাতের আম। এদের মধ্যে অন্যতম হলো- ল্যাংড়া, হিমসাগর ও ফজলি।","কিন্তু জানেন কী বাজারে এমন আমও আছে, যা আকৃতিতে সাধারণ মানুষের হাতের তালুর থেকেও বড়। অর্থাৎ আকারে প্রায় এক ফুট। ওজনও দুই থেকে তিন কেজি। আর দাম! একেকটি আম বিক্রি হয় ৫০০ থেকে ১০০০ টাকায়। এমনকী কখনও কখনও সেই আমের দাম ছুঁয়ে ফেলে ১২০০ টাকাও। হ্যাঁ, শুনতে অবাক লাগলেও এটাই সত্যি। আর সেই আমের নামও বেশ মজাদার-‘নুরজাহান’।সোমবার (৭ জুন) ভারতীয় সংবাদমাধ্যম আনন্দবাজার পত্রিকার প্রতিবেদনে জানানো হয়েছে, দেশটির মধ্যপ্রদেশ রাজ্যের আলিরাজপুরের কাট্ঠিওয়ারাতেই একমাত্র এই আমের চাষ হয়। মাত্র কয়েকটিই এই আমের গাছ রয়েছে সেখানে।তবে এ আমের উৎপত্তি আফগানিস্তানে। কীভাবে আফগানিস্তান থেকে ভারতে পৌঁছাল এই গাছের প্রজাতি, তা জানাতে পারেনি দেশটির কৃষিবিদরা। তার এ রকম অদ্ভুত নামকরণের সঙ্গে সম্রাজ্ঞী নুরজাহানের কোনো সম্পর্ক রয়েছে কি না, সেটিও স্পষ্ট না।কাট্ঠিওয়ারার এক নুরজাহান আমচাষি শিবরাজ সিংহ জানিয়েছেন, ১৯৬৮ সালে এই আমের চারা গুজরাটে আনা হয়েছিল। তার বাবা ঠাকুর পি সিংহ গুজরাট থেকে ওই বছর চারাগাছ কিনে মধ্যপ্রদেশে আনেন। মধ্যপ্রদেশের কাট্ঠিওয়ারায় তাদের বাগানে ওই চারাগাছগুলো রোপণ করেছিলেন তিনি। বর্তামানে ৬টি নুরজাহান আম গাছ রয়েছে। সেগুলো আজও ফল দিচ্ছে।তিনি আরও জানান, চলতি বছর ২৫০টি নুরজাহান আম ফলেছে তার বাগানে। তবে পাকার অনেক আগেই সেগুলো গাছে থাকা অবস্থাতেই কিনে ফেলেছেন অনেকে। এই আমের চাহিদা নাকি এমনই। এক একটি আম বিক্রি হয়েছে ৫০০ থেকে ১০০০ টাকায়। একেকটি আম ২ কেজি থেকে শুরু করে সাড়ে ৩ কেজিও হয়েছে।কৃষিবিদরা জানাচ্ছেন, আগে একটি নুরজাহান আমের ওজন নাকি হত অন্তত ৫ কেজি। যা লম্বায় হত ১ ফুট পর্যন্ত! জলবায়ু পরিবর্তনের জেরে নুরজাহানের চেহারায় অনেক বদল এসেছে। দৈর্ঘ্যও কমেছে, ওজনও কমেছে। কিন্তু আম ভক্তদের কাছে কদর এতটুকু কমেনি তার।জানা গেছে দেশটির মধ্যপ্রদেশ সরকার এই বিরল প্রজাতির আম গাছ সংরক্ষণের জন্য উদ্যোগ নিয়েছে। এই বিরল প্রজাতির আমের জন্য পেটেন্ট-এর আবেদনও করেছে।",1
https://www.somoynews.tv/news/2021-06-07/%E0%A6%B8%E0%A7%81%E0%A6%B6%E0%A6%BE%E0%A6%A8%E0%A7%8D%E0%A6%A4-%E0%A6%B8%E0%A6%BE%E0%A6%B0%E0%A6%BE%E0%A6%95%E0%A7%87-%E0%A6%A8%E0%A6%BF%E0%A7%9F%E0%A7%87-%E0%A6%B0%E0%A6%BF%E0%A7%9F%E0%A6%BE%E0%A6%B0-%E0%A6%9A%E0%A6%BE%E0%A6%9E%E0%A7%8D%E0%A6%9A%E0%A6%B2%E0%A7%8D%E0%A6%AF%E0%A6%95%E0%A6%B0-%E0%A6%A4%E0%A6%A5%E0%A7%8D%E0%A6%AF,"সুশান্ত-সারাকে নিয়ে রিয়ার চাঞ্চল্যকর তথ্য","আব্দুল করিম","বিনোদন ও লাইফস্টাইল"," ৭ জুন, ২০২১","N/A","বলিউড অভিনেতা সুশান্ত সিং রাজপুতের মৃত্যুবার্ষিকী আগামী ১৪ জুন। গত বছরের ওই দিনেই নিজের ফ্লাট থেকে অভিনেতার ঝুলন্ত মরদেহ উদ্ধার হয়েছিল।","সুশান্তের মৃত্যুর রহস্য উদ্ঘাটনে তদন্তে নামে ভারতের সেনট্রাল ব্যুরো অফ ইনভেস্টিগেশন (সিবিআই) এবং এনফোর্সমেন্ট ডিরেক্টোরেট (ইডি)। কিন্তু তদন্ত চলাকালীন মাদক সংশ্লিষ্টা দেখা দিতেই প্রবেশ ঘটে নার্কোটিকস কনট্রোল ব্যুরোর (এনসিবি)।সম্প্রতি ভারতীয় সংবাদমাধ্যম জিনিউজের হাতে এসেছে একটি নথি, যেখানে দেখা গেছে- অভিনেত্রী সারা আলি খানের বিরুদ্ধে বিস্ফোরক অভিযোগ এনেছেন আরেক অভিনেত্রী রিয়া চক্রবর্তী।  রিয়ার চাঞ্চল্যকর দাবি, ‘সুশান্ত, আমি আর সারা একসঙ্গে নেশা করতাম’।জানা গেছে, সুশান্তের মৃত্যুর ঘটনায় মাদক মামলায় বয়ান লেখানোর সময় নাকি সারা আলি খানের নাম উল্লেখ করেছেন রিয়া চক্রবর্তী। প্রয়াত অভিনেতার সাবেক প্রেমিকার দাবি, সারা নাকি তাকে গাঁজা এবং মদ্যপান করার কথা বলেছিলেন।রিয়া আরও বলেছেন, মাদক মামলায় বয়ান লেখানোর সময় তিনি সারার সঙ্গে তার ২০১৭-এর ৪-৬ জুনের কথোপকথন তুলে ধরেন। সেই অনুযায়ী তার আরও দাবি, ওই সময় সারা নিজের হাতে গাঁজার ছিলিম বানাতেন। বলতেন, নেশা করলে শুটিংয়ের চাপ থেকে মুক্তি পাওয়া যায়। 
একই সঙ্গে সারা নাকি রিয়াকে টোটকা দিয়েছিলেন, আইসক্রিম আর গাঁজা একসঙ্গে খেলে শরীরের ব্যথা কমে। অতিরিক্ত পরিশ্রমের ফলে তার গায়ে ব্যথা হলে সারা নাকি এভাবেই তা কমাতেন।শুধু তাই নয়, একটা সময় নাকি সারা-রিয়া একসঙ্গে বসে গাঁজা টানতেন। মদ্যপানও করতেন একত্রে। সে কথারও উল্লেখ আছে রিয়ার রেকর্ড করা বয়ানে।ঘটনাগুলো কি সত্যি? রিয়া কি এই ধরনের কোনো বয়ান রেকর্ড করেছেন? নাকি পুরোটাই অভিনেতার মৃত্যুবার্ষিকীকে ঘিরে নতুন করে জন্ম নেওয়া জল্পনা? এ সব প্রশ্নই ঘুরপাক খাচ্ছে।",0
https://www.somoynews.tv/news/2021-06-07/%E0%A6%AE%E0%A6%BE-%E0%A6%B9%E0%A6%93%E0%A7%9F%E0%A6%BE%E0%A6%B0-%E0%A6%96%E0%A6%AC%E0%A6%B0-%E0%A6%AA%E0%A7%8D%E0%A6%B0%E0%A6%95%E0%A6%BE%E0%A6%B6%E0%A7%8D%E0%A6%AF%E0%A7%87--%E0%A6%A8%E0%A6%A4%E0%A7%81%E0%A6%A8-%E0%A6%AC%E0%A6%BE%E0%A6%B0%E0%A7%8D%E0%A6%A4%E0%A6%BE-%E0%A6%A6%E0%A6%BF%E0%A6%B2%E0%A7%87%E0%A6%A8-%E0%A6%A8%E0%A7%81%E0%A6%B8%E0%A6%B0%E0%A6%BE%E0%A6%A4,"মা হওয়ার খবর প্রকাশ্যে, নতুন বার্তা দিলেন নুসরাত","আব্দুল করিম","বিনোদন ও লাইফস্টাইল"," ৭ জুন, ২০২১","N/A","টলিউড অভিনেত্রী নুসরাত জাহানের মা হওয়ার খবর প্রকাশ্যে আসতেই তোলপাড় বিনোদন পাড়া। যদিও এ বিষয়ে এখনও সরাসরি মুখ খোলেননি সাংসদ-অভিনেত্রী। তবে অন্তঃসত্ত্বার খবরের মধ্যেই একের পর এক ইঙ্গিতপূর্ণ বার্তা দিচ্ছেন নুসরাত। কয়েকদিন আগেই তিন জানিয়েছিলেন, 'অন্তরঙ্গতা মানেই যৌনতা নয়'।","সোমবার (৭ জুন) সকালে একটি ভিডিও পোস্ট করেছেন নায়িকা। এতে জল্পনা আরও বেড়েছে।ভিডিওতে দেখা গেছে, গাঢ় বেগুনি রঙের গাউন, খোলা চুলে ক্যামেরার সামনে দাঁড়িয়ে নানা ধরনের পোজ দিচ্ছেন অভিনেত্রী। কয়েক সেকেন্ডের ভিডিওতে নুসরাত বরাবরের মতোই সাহসী এবং সাবলীল। এই পোস্টের বিবরণীতে তিনি লিখেছেন, ‘শক্ত হও, সাহসী হও, সুন্দর হও’।নুসরাতের মা হওয়ার গুঞ্জনে নেটিজেনরা যখন সরব, তখন নুসরাতের এমন বার্তায় জল্পনা তুঙ্গে। প্রশ্ন, এমন পরিস্থিতিতে নিজের উদ্দেশেই কি এই বার্তা নুসরাতের?ভিডিওটি পোস্ট হওয়ার পর সেটি অসংখ্য দেখেছেন। মন্তব্য বাক্সে তাকে ভালবাসা জানিয়েছেন নায়িকার ভক্তরা।
 ",0
https://www.somoynews.tv/news/2021-06-05/%E0%A6%86%E0%A6%B8%E0%A6%9B%E0%A7%87-%E0%A6%B9%E0%A6%B2%E0%A6%BF%E0%A6%89%E0%A6%A1%E0%A7%87%E0%A6%B0-%E2%80%98%E0%A6%AE%E0%A6%B0%E0%A7%8D%E0%A6%9F%E0%A6%BE%E0%A6%B2-%E0%A6%95%E0%A6%AE%E0%A6%AC%E0%A7%8D%E0%A6%AF%E0%A6%BE%E0%A6%9F%E2%80%99,"আসছে হলিউডের ‘মর্টাল কমব্যাট’","বিনোদন ডেস্ক","বিনোদন ও লাইফস্টাইল"," ৫ জুন, ২০২১","N/A","৮ এপ্রিল হলিউডে মুক্তি পেয়েছিল সিনেমাটি।","ভিডিও গেমস থেকে অনুপ্রাণিত হয়েছে নির্মিত হয়েছে হলিউড সিনেমা ‘মর্টাল কমব্যাট’। ১৯৯৫ সালে মুক্তি পেয়েছিল সিনেমাটি। তার দুই বছর পর মুক্তি পায় এর সিক্যুয়াল ‘মর্টাল কমব্যাট: অ্যানিহাইলেশন’। অস্ট্রেলিয়ান নির্মাতা সাইমন ম্যাকোয়েড নতুন করে নির্মাণ করেছেন ‘মর্টাল কমব্যাট’।মার্শাল আর্ট ঘরানার এ সিনেমাটি প্রযোজনা করেছেন জেমস ওয়েন। ৮ এপ্রিল হলিউডে মুক্তি পেয়েছিল সিনেমাটি। ৫৫ মিলিয়ন ইউএস ডলার ব্যায়ে নির্মিত ‘মর্টাল কমব্যাট’ এখন পর্যন্ত আয় করেছে প্রায় ৮২ মিলিয়ন ইউএস ডলার। নতুন খবর হলো ৬ জুন বাংলাদেশের স্টার সিনেপ্লেক্সে মুক্তি পাবে সিনেমাটি। এমনটাই জানানো হয়েছে প্রতিষ্ঠানটির পক্ষ থেকে।এরই মধ্যে সিনেমাটি নিয়ে দর্শকদের মধ্যে আগ্রহ তৈরি হয়েছে। কিন্তু মহামারির কারণে ব্যবসায়িক সফলতার তেমন পায়নি যুক্তরাষ্ট্রে মুক্তি পাওয়া এ সিনেমাটি। সমালোচকদের মতে, এর আয়োজন ও নির্মাণে আকর্ষণ আছে। অ্যাকশন দৃশ্যগুলোতে দুর্দান্ত কাজ হয়েছে। ‘মর্টাল কমব্যাট’ ফ্র্যাঞ্চাইজির ভক্ত এবং চিত্রনাট্যকার গ্রেগ রুসো টুইটারের জানান, এবার ‘মর্টাল কমব্যাট’-এ মারামারি আর সহিংসতার দৃশ্যগুলো অনেক বাস্তবসম্মত এবং বিশ্বাসযোগ্যভাবে উপস্থাপন করা হয়েছে, যা দর্শকদের আকৃষ্ট করবে।",0
https://www.somoynews.tv/news/2021-06-05/%E0%A6%8F%E0%A6%AC%E0%A6%BE%E0%A6%B0-%E0%A6%B9%E0%A6%BE%E0%A6%AC%E0%A6%BF%E0%A6%B0%E0%A7%87%E0%A6%B0-%E0%A6%B8%E0%A6%99%E0%A7%8D%E0%A6%97%E0%A7%87-%E0%A6%A8%E0%A7%8D%E0%A6%AF%E0%A6%BE%E0%A6%A8%E0%A7%8D%E0%A6%B8%E0%A6%BF-%E0%A6%95%E0%A6%A8%E0%A7%8D%E0%A6%AF%E0%A6%BE,"এবার হাবিরের সঙ্গে ন্যান্সি কন্যা","বিনোদন ডেস্ক","বিনোদন ও লাইফস্টাইল"," ৫ জুন, ২০২১","N/A","হাবিবের সুর ও সংগীতায়োজনে গাইলেন ন্যান্সির কন্যা রোদেলা।","সংগীতশিল্পী নাজমুন মুনিরা ন্যান্সির শুরুটা হয়েছিল ২০০৬ সালে। হাবিব ওয়াহিদের সংগীত পরিচালনায় ‘হৃদয়ের কথা’ সিনেমার গানে কণ্ঠ দিয়েছিলেন তিনি। মুক্তির পর বেশ আলোচনায় ছিলেন ন্যান্সি। তার গাওয়া গান লুফে নিয়েছিল শ্রোতারা। এরপর একসঙ্গে অনেকগুলো গান গেয়েছেন হাবিব-ন্যান্সি।মায়ের পর এবার হাবিবের সুর ও সংগীতায়োজনে গাইলেন ন্যান্সির কন্যা রোদেলা। ‘বাধাহীন মনের গল্প’ শিরোনামের গানে কণ্ঠ দিয়েছেন তিনি। এটি লিখেছেন মারুশা। শুক্রবার (০৪ জুন) হাবিবের স্টুডিওতে গানটির রেকর্ডিং হয়েছে।নতুন গানটি প্রসঙ্গে রোদেলা বলেন, ‘গানটি আমার জন্য বেশ চ্যালেঞ্জিং ছিল। কারণ আমি এর আগে যে ধরনের গান করেছি, এটা একেবারের ভিন্ন। নতুন গানটি মেলো-রক ঘরানার।’হাবিবের সঙ্গে রোদেলার যুক্ত হওয়ার বিষয়ে ন্যান্সি বলেন, বছর তিনেক আগে রোদেলা আমাকে একদিন বলে, ‘আমিও হাবিব আংকেলের সঙ্গে গাইব।’ তখন ও অনেক ছোট, গলাও সেভাবে প্রস্তুত ছিল না। কিছুদিন আগে রোদেলার দ্বিতীয় মৌলিক গান ‘তোমাকে চাই’ নরমালি রেকর্ড করে হাবিব ভাইয়ের কাছে পাঠিয়েছিলাম। এটি শুনে ‘বাধাহীন আমার মনের এই গল্প’ গানটি আমাকে পাঠিয়ে বলেন, রোদেলার গলায় তুলে তাকে পাঠাতে। আমি বেশ অবাক হয়ে গিয়েছিলাম। এভাবেই নতুন গানটির জন্ম।‘বাধাহীন আমার মনের এই গল্প’ গানটি প্রকাশ হবে হাবিবের ইউটিউব চ্যানেলে। শিগগিরই এটি প্রকাশ হওয়া কথা রয়েছে।",0
https://www.somoynews.tv/news/2021-06-05/%E0%A6%B8%E0%A7%8D%E0%A6%AC%E0%A6%B8%E0%A7%8D%E0%A6%A4%E0%A6%BF%E0%A6%95%E0%A6%BE%E0%A6%B0-%E0%A6%AB%E0%A7%87%E0%A6%B8%E0%A6%AC%E0%A7%81%E0%A6%95-%E0%A6%86%E0%A6%87%E0%A6%A1%E0%A6%BF-%E0%A6%97%E0%A6%BE%E0%A7%9F%E0%A7%87%E0%A6%AC!,"স্বস্তিকার ফেসবুক আইডি গায়েব!","বিনোদন ডেস্ক","বিনোদন ও লাইফস্টাইল"," ৫ জুন, ২০২১","N/A","রিপোর্ট করে গায়েব করে দেওয়া হয়েছে তার ফেসবুক আইডি।","রিপোর্ট করে গায়েব করে দেওয়া হয়েছে টলিউড অভিনেত্রী স্বস্তিকা দত্তের ফেসবুক আইডি। দুষ্টু নেটিজেনদের কেউ কেউ এ কাজটি করেছে। এমনটাই ধারণা করছেন অভিনেত্রী। বিষয়টি নিয়ে ইনস্টাগ্রাম এবং ফেসবুক পেজে একটি ভিডিও বার্তা দিয়েছেন স্বস্তিকা।অভিনেত্রী বলেন, ‘আমি খুব বেশি ভালো নেই, কারণ আমার ফেসবুক প্রোফাইল ডিজেবল করে দেয়া হয়েছে। আমার টিম ফেসবুকের সঙ্গে যোগাযোগ করছে। আশা করি শিগগিরই ফিরতে পারব। আমার ভুয়া আইডিগুলো নিয়ে রিপোর্ট করার জন্য একটি পোস্ট করেছিলাম। কিন্তু কেউ হয়তো ভুল করে আমার অরিজিনাল প্রোফাইল রিপোর্ট করে ফেলেছে।’স্বস্তিকার শেয়ার করা ভিডিও কমেন্টস বক্রে মিশ্র প্রতিক্রিয়া ব্যক্ত করেছেন নেটিজনরা। প্রিয় অভিনেত্রীর মুখে মন ভাঙার গল্প শুনে ব্যথিত হয়েছেন অনেকেই। পাশাপাশি কেউ কেউ প্রশ্ন তুলছেন স্বস্তিকাকে নিয়ে। বলছেন, মজা করেই ভিডিওটি পোস্ট করেছেন স্বস্তিকা।এদিকে সংগীতশিল্পী শোভন গাঙ্গুলির সঙ্গে চুটিয়ে প্রেম করছেন স্বস্তিকা। ইনস্টাগ্রামে প্রায় দেখা যায় অভিনেত্রী একান্ত মুহূর্তের ছবি। তা দেখে টলিপাড়ার বাসিন্দারা বুঝতে পারছেন, শোভনের সঙ্গে চুটিয়ে প্রেম করছেন তিনি। এমন খবরই প্রকাশ করেছে কলকাতার একটি সংবাদমাধ্যম।ভারতীয় বাংলা সিরিয়ালের পরিচিত মুখ স্বস্তিকা দত্ত। ২০১৫ সালে বড়পর্দায় অভিষেক হয়েছিল তার। অভিনয় করেছিলেন রাজ চক্রবর্তী পরিচালিত ‘পারব না আমি ছাড়তে তোকে’ সিনেমায়। এছাড়া ‘দূগ্গা দূগ্গা’, ‘ভজ গোবিন্দ’, ‘বিজয়িনী’, ‘কি করে বলব তোমায়’ সিরিয়ালে দেখা গেছে তাকে।",0
https://www.somoynews.tv/news/2021-06-05/%E0%A6%A7%E0%A6%B0%E0%A7%8D%E0%A6%B7%E0%A6%A3%E0%A7%87%E0%A6%B0-%E0%A6%85%E0%A6%AD%E0%A6%BF%E0%A6%AF%E0%A7%8B%E0%A6%97%E0%A7%87-%E2%80%98%E0%A6%A8%E0%A6%BE%E0%A6%97%E0%A6%BF%E0%A6%A8-%E0%A6%A5%E0%A7%8D%E0%A6%B0%E0%A6%BF%E2%80%99%E0%A6%B0-%E0%A6%85%E0%A6%AD%E0%A6%BF%E0%A6%A8%E0%A7%87%E0%A6%A4%E0%A6%BE-%E0%A6%97%E0%A7%8D%E0%A6%B0%E0%A7%87%E0%A6%AA%E0%A7%8D%E0%A6%A4%E0%A6%BE%E0%A6%B0,"ধর্ষণের অভিযোগে ‘নাগিন থ্রি’র অভিনেতা গ্রেপ্তার","বিনোদন ডেস্ক","বিনোদন ও লাইফস্টাইল"," ৫ জুন, ২০২১","N/A","এমন খবরই প্রকাশ করেছে ইন্ডিয়া টিভি।","নাবালিকাকে ধর্ষণের অভিযোগে ‘নাগিন থ্রি’ ধারাবাহিকের অভিনেতা পার্ল ভি পুরিকে গ্রেপ্তার করা হয়েছে। একই অভিযোগে আরও পাঁচজনকে মহারাষ্ট্রের ভাসাই এলাকা থেকে গ্রেপ্তার করেছে পুলিশ। গত শুক্রবার (৪ জুন) তাদের গ্রেপ্তার করা হয়েছে বলে খবর প্রকাশ করেছে ইন্ডিয়া টিভি।ভারতীয় সংবাদ সংস্থা ‘এএনআই’ এক টুইটে জানায়, ১৬ বছরের নাবালিকাকে গণধর্ষণের অভিযোগে ছয়জনকে গ্রেপ্তার করা হয়েছে। ভারতীয় দণ্ডবিধির ৩৭৬ নং ধারায় ও প্রোটেকশন অব চিল্ড্রেন ফর্ম সেক্সুয়াল ওফেন্স (পসকো) আইনে তাদের নামে মামলা হয়েছে।গ্রেপ্তারকৃতরা পুলিশ হেফাজতে আছে বলে দেশটির সংবাদমাধ্যমকে জানান মুম্বাই পুলিশের ডিসিপি সঞ্জয় পাতিল। এদিকে, ২০১৩ সালে ছোটপর্দায় পা রাখেন পার্ল ভি পুরির। তিনি দর্শকপ্রিয়তা পেয়েছেন ‘নাগিন থ্রি’ ধারাবাহিকে অভিনয় করে। তুমুল জনপ্রিয় এ ধারাবাহিকটি প্রযোজনা করেছেন একতা কাপুর।এছাড়া ‘নাগার্জুনা এক যোদ্ধা’, ‘বেপনহা পেয়ার’, ‘ব্রহ্মরাক্ষস টু’ ধারাবাহিকেও দেখা গেছে পার্ল ভি পুরিকে। তুলসি কুমারের ‘তেরে আঁখো ম্যায়’ গানের মিউজিক ভিডিওতে অংশ নিয়েছিলেন তিনি।",0
https://www.somoynews.tv/news/2021-06-04/%E0%A6%9F%E0%A6%BE%E0%A6%87%E0%A6%97%E0%A6%BE%E0%A6%B0-%E0%A6%A6%E0%A6%BF%E0%A6%B6%E0%A6%BE%E0%A6%B0-%E0%A6%AC%E0%A6%BF%E0%A6%B0%E0%A7%81%E0%A6%A6%E0%A7%8D%E0%A6%A7%E0%A7%87-%E0%A6%8F%E0%A6%AB%E0%A6%86%E0%A6%87%E0%A6%86%E0%A6%B0,"টাইগার-দিশার বিরুদ্ধে এফআইআর","জুলফিকার জনি","বিনোদন ও লাইফস্টাইল"," ৪ জুন, ২০২১","N/A","করোনায় বিধিনিষেধ ভঙ্গ করে ভরদুপুরে মুম্বাইয়ের রাস্তায় ঘুরে বেড়ানোর অভিযোগে পুলিশের খাতায় নাম উঠল দুই বলিউড তারকা টাইগার শ্রফ ও দিশা পাটানির বিরুদ্ধে।","বৃহস্পতিবার (৩ জুন) পুলিশের বরাত দিয়ে আনন্দবাজারের খবরে বলা হয়েছে, মঙ্গলবার (২ জুন) দিশা ও টাইগার গাড়ি নিয়ে বের হন। পরে পুলিশ তাদের পথ আটকায়। দুপুর ২টার পরে বাড়ি থেকে বের হওয়ার যথেষ্ট যুক্তি তারা দেখাতে ব্যর্থ হন। ভারতীয় দণ্ডবিধির ১৮৮ ধারায় মামলা হয়েছে তাদের বিরুদ্ধে। তবে জামিনযোগ্য অপরাধ হওয়ায় এখনো কাউকে গ্রেপ্তার করা হয়নি।মহারাষ্ট্র সরকারের জারি করা নিয়মে সকাল ৭টা থেকে দুপুর ২টা পর্যন্ত সব অত্যাবশ্যকীয় পণ্যের দোকান খোলা থাকবে। ১৫ জুন পর্যন্ত এই নিয়মে লকডাউন চলবে সে রাজ্যে। পুলিশের দেওয়া তথ্য অনুযায়ী, টাইগার ও দিশা শরীরচর্চা করে ফিরছিলেন।পুলিশ ভারতীয় সংবাদমাধ্যমকে জানায়, গাড়ির চালকের আসনে ছিলেন দিশা। আর টাইগার শ্রফ ছিলেন পেছনের সিটে। জিম থেকে বের হয়ে ঘোরাঘুরি করছিলেন তারা। এ সময় তাদের গাড়ি আটকানো হয়। আধার কার্ড এবং অন্যান্য কাগজ দেখে আবার ছেড়েও দেয়া হয়েছে তাদের।টাইগার শ্রফ আর দিশা পাটানির প্রেমের খবর বি-টাউনের সকলেরই জানা। বিষয়টি এখন ওপেন সিক্রেট। যদিও সম্পর্কের কথা স্বীকার করেন না তাদের কেউ। ",0
https://www.somoynews.tv/news/2021-06-02/%E0%A7%A9%E0%A7%AB%E0%A7%A6-%E0%A6%9C%E0%A6%A8-%E0%A6%AA%E0%A7%8D%E0%A6%B0%E0%A7%87%E0%A6%AE%E0%A6%BF%E0%A6%95%E0%A6%BE-%E0%A6%9B%E0%A6%BF%E0%A6%B2-%E0%A6%B8%E0%A6%9E%E0%A7%8D%E0%A6%9C%E0%A7%9F-%E0%A6%A6%E0%A6%A4%E0%A7%8D%E0%A6%A4%E0%A7%87%E0%A6%B0!,"৩৫০ জন প্রেমিকা ছিল সঞ্জয় দত্তের!","বিনোদন ডেস্ক","বিনোদন ও লাইফস্টাইল"," ২ জুন, ২০২১","N/A","তার শয্যাসঙ্গী কতজন হয়েছে সেটা ভুলে গেছেন তিনি।","বলিউড অভিনেতা সঞ্জয় দত্তের বায়োপিক নির্মিত হয়েছে ২০১৮ সালে। এতে নাম ভূমিকায় অভিনয় করেছিলেন রণবীর। সিনেমার একটি দৃশ্যে তাকে বলতে শোনা যায়, তার জীবনে প্রেমিকার সংখ্যা ছিল প্রায় ৩৫০ জন। এছাড়া তার শয্যাসঙ্গী কতজন হয়েছে সেটা ভুলে গেছেন তিনি।অন্যদিকে অভিনেতার মা নার্গিস মনে করতেন তিনি সমকামী ছিলেন। আত্মজীবনী এ কথা উল্লেখ করেন সঞ্জয়ের ছোট বোন প্রিয়া দত্ত। নার্গিস তার এক বন্ধুকে বলেছিলেন, কোনো ছেলে বন্ধু এলেই সঞ্জয় কেন ঘরের দরজা বন্ধ করে দেয়, তা তিনি বুঝতে পারছেন না। এরপরই বিষয়টি নিয়ে চিন্তার দানা বাঁধে তার মধ্যে।ছোট বয়স থেকেই সঞ্জয় মাদকে আসক্ত ছিলেন। সেটাও জানতেন তার মা নার্গিস। এসব জেনেও কিছুটা লুকাতেন নার্গিস। কারণ ছেলের এ বদঅভ্যাস প্রকাশ পাক সেটা তিনি চাননি। বরং ছেলে পক্ষে সাফাই গাইতেন মা। বলতেন, কোনোরকম মাদকদ্রব্য থেকে শত হাত দূরে থাকেন সঞ্জয়।মঙ্গলবার (০১ জুন) ছিল সঞ্জয়ের মায়ের জন্মদিন। মায়ের জন্মদিনে তাকে স্মরণ করে একটি পুরাতন ছবি শেয়ার করেছেন এ অভিনেতা। ক্যাপশনে লিখেছেন, ‘তোমার মতো আর কেউ নেই। শুভ জন্মদিন মা।’সূত্র: হিন্দুস্তান টাইমস বাংলা",0
https://www.somoynews.tv/news/2021-06-02/%E0%A6%A8%E0%A7%8B%E0%A6%AC%E0%A7%87%E0%A6%B2%E0%A7%87%E0%A6%B0-%E0%A6%AC%E0%A6%BF%E0%A6%B0%E0%A7%81%E0%A6%A6%E0%A7%8D%E0%A6%A7%E0%A7%87-%E0%A6%B8%E0%A6%BF%E0%A6%86%E0%A6%87%E0%A6%A1%E0%A6%BF%E0%A6%95%E0%A7%87-%E0%A6%A4%E0%A6%A6%E0%A6%A8%E0%A7%8D%E0%A6%A4%E0%A7%87%E0%A6%B0-%E0%A6%A8%E0%A6%BF%E0%A6%B0%E0%A7%8D%E0%A6%A6%E0%A7%87%E0%A6%B6,"নোবেলের বিরুদ্ধে সিআইডিকে তদন্তের নির্দেশ","বিনোদন ডেস্ক","বিনোদন ও লাইফস্টাইল"," ২ জুন, ২০২১","N/A","বিচারক আস্ সামছ জগলুল হোসেন বুধবার (২ জুন) এ নির্দেশ দিয়েছেন","নোবেলের বিরুদ্ধে করা ইথুন বাবুর মামলাটি তদন্ত করতে সিআইডিকে নির্দেশ দিয়েছেন আদালত। ঢাকার সাইবার ট্রাইবুনালের বিচারক আস্ সামছ জগলুল হোসেন বুধবার (২ জুন) এ নির্দেশ দিয়েছেন। আগামী ৬ জুলাই তদন্ত করে প্রতিবেদন দাখিলের নির্দেশ দেওয়া হয়েছে।মামলার বাদী ইথুন বাবু ও তার আইনজীবী দুজনই সময় নিউজকে বিষয়টি নিশ্চিত করেছেন। ইথুন বাবুর আইনজীবী ফারুক আহাম্মদ বলেন, ‘আমরা গতকাল (১ জুন) মামলার নথি জমা দিয়েছি। আজ (২ জুন) আদালত বাদীর জবানবন্দি গ্রহণ করেছেন। এরপর আদালত সিআইডিকে মামলাটি তদন্তের নির্দেশ দিয়েছেন।’গায়ক মাইনুল আহসান নোবেলের বিরুদ্ধে ডিজিটাল নিরাপত্তা আইন ২০১৮–এর ২৫ (২) ২৯ ধারায় মামলাটি করেছেন গীতিকার, সুরকার ও সঙ্গীত পরিচালক ইথুন বাবু। এর আগে গত রোববার (২৩ মে) রাতে নোবেলের নামে হাতিরঝিল থানায় সাধারণ ডায়েরি (জিডি) করেছিলেন ইথুন বাবু। যার নম্বর ৮৯৯।জিডিতে তিনি উল্লেখ করেন, ‘নোবেলম্যান’ ফেসবুকে তাকে ‘চোর’ অ্যাখ্যায়িত করে ষড়যন্ত্রমূলক পোস্ট দেয়। দেশের সনামধন্য শিল্পীদের নিয়ে কটূক্তিসহ জীবন নাশের হুমকি দিয়ে আসছে। এটি মানহানিকর ও লজ্জাজনক।মামলা প্রসঙ্গে ইথুন বাবু সময় নিউজকে বলেছিলেন, ‘বিষয়টি আমার জন্য অপমানজনক, লজ্জার। আমার সংগীত ক্যারিয়ারে যে কাজটি কেউ করার সাহস পায়নি নোবেল সে কাজটি করেছে। তাকে এত সাহস কে দিয়েছে? বিষয়টি খতিয়ে দেখা দরকার।’",0
https://www.somoynews.tv/news/2021-06-02/%E0%A6%B9%E0%A7%83%E0%A6%A6%E0%A6%BF-%E0%A6%B9%E0%A6%95%E0%A7%87%E0%A6%B0-%E0%A6%AA%E0%A6%B0%E0%A6%BF%E0%A6%9A%E0%A6%BE%E0%A6%B2%E0%A6%A8%E0%A6%BE%E0%A7%9F-%E0%A6%B2%E0%A6%BF%E0%A6%9F%E0%A7%81-%E0%A6%86%E0%A6%A8%E0%A6%BE%E0%A6%AE,"হৃদি হকের পরিচালনায় লিটু আনাম","বিনোদন ডেস্ক","বিনোদন ও লাইফস্টাইল"," ২ জুন, ২০২১","N/A","‘১৯৭১ সেইসব দিন’ সিনেমা দেখা যাবে তাকে","এক সময়ের জনপ্রিয় অভিনেতা লিটু আনাম ফিরলেন লাইট-ক্যামেরার সামনে। ১৫ বছর পর নতুন সিনেমায় শুটিং করেছেন তিনি। হৃদি হক পরিচালিত ‘১৯৭১ সেইসব দিন’ সিনেমা দেখা যাবে তাকে। সরকারি অনুদানে নির্মিত হচ্ছে সিনেমাটি। মুক্তিযুদ্ধের প্রেক্ষাপটের গল্প হওয়ায় এতে অভিনয়ের জন্য রাজি হয়েছেন লিটু আনাম। সংবাদমাধ্যমকে এমনটাই জানিয়েছেন তিনি।স্ত্রী হৃদি হকের পরিচালনায় কাজ করা প্রসঙ্গে লিটু আনাম বলেন, ‘নাটকে অভিনয়ের সময়ও দেখতাম, হৃদি খুবই পারফেকশনিস্ট। অনেক অভিনয়শিল্পী তো তখন বলতেন, আমরা কি চলচ্চিত্রে অভিনয় করছি যে এতটা নিখুঁত কাজ করতে হবে? প্রথম চলচ্চিত্রেও হৃদি তার পরিশ্রম ও মেধার পুরোটা দিয়ে চেষ্টা করছে।’জানা গেছে, একটি পরিবারের গল্প তুলে ধরা হবে ‘১৯৭১ সেইসব দিন’ সিনেমায়। তিন ভাইসহ পরিবারের অন্য সদস্যদের যুদ্ধদিনের নানা দিক উঠবে আসবে পর্দায়। তিন ভাইয়ের চরিত্রে অভিনয় করছেন লিটু আনাম, ফেরদৌস ও সজল।এছাড়া আরও অভিনয় করছেন মামুনুর রশীদ, আতাউর রহমান, জয়ন্ত চট্টোপাধ্যায়, গীতশ্রী দত্ত, শিল্পী সরকার অপু, সাজু খাদেম, সানজিদা প্রীতি, আনিসুর রহমান মিলন, অর্ষা, মৌসুমী হামিদ প্রমুখ। সিনেমার কাজ শুরু হয়েছিল অনেক আগেই। কিন্তু করোনার কারণে থমকে যায় কাজ।‘১৯৭১ সেইসব দিন’ সিনেমায় যুক্ত হয়েছিল পরীমনি ও সুদীপ বিশ্বাস দীপ। গেল বছরের মার্চে ঠাকুরগাঁওয়ে শুটিংয়ে অংশ নিয়েছিলেন তারা। এবারা জানা গেল, এ সিনেমায় থাকছেন না পরী-দীপ। সিনেমার প্রয়োজনেই তাদের বাদ দেওয়া হয়েছে বলে জানান হৃদি হক।",0
https://www.somoynews.tv/news/2021-06-02/%E0%A6%9B%E0%A7%87%E0%A6%B2%E0%A7%87%E0%A6%95%E0%A7%87-%E0%A6%AA%E0%A7%8D%E0%A6%B0%E0%A6%95%E0%A6%BE%E0%A6%B6%E0%A7%8D%E0%A6%AF%E0%A7%87-%E0%A6%86%E0%A6%A8%E0%A6%B2%E0%A7%87%E0%A6%A8-%E0%A6%B6%E0%A7%8D%E0%A6%B0%E0%A7%87%E0%A7%9F%E0%A6%BE-%E0%A6%98%E0%A7%8B%E0%A6%B7%E0%A6%BE%E0%A6%B2,"ছেলেকে প্রকাশ্যে আনলেন শ্রেয়া ঘোষাল","বিনোদন ডেস্ক","বিনোদন ও লাইফস্টাইল"," ২ জুন, ২০২১","N/A","ছেলের জন্মের ১৩ দিনের মাথায় তাকে প্রকাশ্যে এনেছেন এ তারকা।","এবার ছেলেকে প্রকাশ্যে আনলেন জনপ্রিয় সংগীতশিল্পী শ্রেয়া ঘোষাল। বুধবার (২ জুন) ছেলে ও স্বামীসহ নিজের ইনস্টাগ্রামে একটি ছবি শেয়ার করেছেন তিনি। ছেলের জন্মের ১৩ দিনের মাথায় তাকে প্রকাশ্যে এনেছেন এ তারকা। পাশাপাশি জানিয়েছেন ছেলের নাম।ছবি পোস্ট করে শ্রেয়া ঘোষাল লিখেছেন, ‘পরিচয় করিয়ে দিচ্ছি- দেবায়ন মুখার্জি। ২২ মে এসেছে এবং আমাদের জীবন পুরোপুরি বদলে দিয়েছে। জন্মের সময় প্রথম দেখাতেই আমাদের মন ভরিয়ে দিয়েছে, এমন ভালবাসায় যা শুধু একজন মা কিংবা বাবাই অনুভব করতে পারেন। একেবারে নিখাদ অফুরন্ত অনবদ্য এই ভালবাসা।’প্রায় দশ বছর চুটিয়ে প্রেমের পর ২০১৫ সালের ৫ ফেব্রুয়ারি বন্ধু শিলাদিত্য মুখার্জিকে বিয়ে করেন শ্রেয়া ঘোষাল। ২২ মে পুত্র সন্তান জন্ম দিয়েছেন শ্রেয়া। ইনস্টাগ্রামে পোস্ট করে সুখবরটি জানিয়েছেন সঙ্গীতশিল্পী নিজেই। লিখেছিলেন, ‘সৃষ্টিকর্তা আজ দুপুরে আমাদের একটি পুত্র সন্তান উপহার দিয়েছে। এটি অন্যরকম এক অনুভূতি, যা আগে কখনো হয়নি। শিলাদিত্য, আমি আর আমাদের পরিবার খুব খুশি। সবাইকে ধন্যবাদ আমাদের এই ছোট্ট সদস্যকে আশীর্বাদ ও ভালোবাসা দেওয়ার জন্য।’এর আগে ৪ মার্চ বেবি বাম্পের ছবি প্রকাশ করেছিলেন শ্রেয়া। বিয়ের ৬ বছর পর প্রথম সন্তান জন্ম দেওয়ায় বেশ উচ্ছ্বসিত এ গায়িকা। ধারণা করা হচ্ছিল তাদের প্রথম সন্তানের নাম হতে পারে ‘শ্রেয়াদিত্য’। কারণ বেবি বাম্পের ছবি প্রকাশ করে হ্যাশট্যাগ দিয়ে ‘শ্রেয়াদিত্য’ লিখেছিলেন তিনি। কিন্তু তা আর হয়নি। শ্রেয়া-শিলাদিত্য দম্পতির প্রথম সন্তানের নাম রাখা হয়েছে দেবায়ন মুখার্জি।",0
https://www.somoynews.tv/news/2021-06-02/%E0%A6%AE%E0%A7%81%E0%A6%AE%E0%A7%8D%E0%A6%AC%E0%A6%BE%E0%A6%87-%E0%A6%9B%E0%A6%BE%E0%A7%9C%E0%A6%9B%E0%A7%87%E0%A6%A8-%E0%A6%B6%E0%A6%BE%E0%A6%B9%E0%A6%B0%E0%A7%81%E0%A6%96-%E0%A6%96%E0%A6%BE%E0%A6%A8!,"মুম্বাই ছাড়ছেন শাহরুখ খান!","বিনোদন ডেস্ক","বিনোদন ও লাইফস্টাইল"," ২ জুন, ২০২১","N/A","আপাতত ব্যস্ত তার পরবর্তী সিনেমা ‘পাঠান’ নিয়ে","করোনার দ্বিতীয় ঢেউ সামলে উঠছে ভারত। ধীর গতিতে স্বাভাবিক হওয়া শুরু করছে দেশটি। কয়েক রাজ্যে শিথিল হয়েছে করোনাবিধি। এ সুযোগ লুফে নিতে চাইছেন একাধিক পরিচালক-প্রযোজক। সে তালিকায় শীর্ষে আছেন শাহরুখ খান।শাহরুখ খান আপাতত ব্যস্ত তার পরবর্তী সিনেমা ‘পাঠান’ নিয়ে। এরই মধ্যে সিনেমার শুটিং শুরু হয়েছিল। কিন্তু করোনার কারণে মাঝপথে বন্ধ হয়ে যায় এ সিনেমার কাজ। এবার দেশের বাইরে সিনেমার কিছু অংশের চিত্রায়ণ সাড়ার প্রস্তুতি নিচ্ছেন নির্মাতারা।ভারতীয় সংবাদমাধ্যম এই সময় সূত্রে জানা গেছে, ইউরোপের বিভিন্ন অঞ্চলে সিনেমাটির লোকেশন নির্ধারণ করা হয়েছে। তাই আপাতত মুম্বাইকে বিদায় জানাচ্ছেন শাহরুখ খান। এ সিনেমায় একটি বিশেষ চরিত্রে অভিনয় করবেন সালমান খান। প্রয়োজন হলে তাকেও নেওয়া হবে ইউরোপে।এদিকে শুধু সিনেমাই নয়, বিকল্প পথে বেশ কিছু টেলিভিশন শোয়ের শুটিং করার কথা ভাবছেন সংশ্লিষ্টরা। মুম্বাইয়ে এই মুহূর্তে বড় রিয়েলিটি শোগুলোর কাজ করা বিপজ্জনক বলে মনে করছেন সংশ্লিষ্টরা। তাই বিকল্প হিসেবে বিদেশের কথা ভাবছেন অনেকে।‘ইন্ডিয়ান আইডল’ এবারের আসরের চিত্রায়ণ চলছে দামানে। অন্যদিকে, ‘দ্য কপিল শর্মা শো’ এর চিত্রায়ণ বিদেশে করার কথা ভাবছেন কপিল শর্মা।",0
https://www.somoynews.tv/news/2021-06-02/%E0%A7%A8-%E0%A6%9C%E0%A7%81%E0%A6%A8--%E0%A6%87%E0%A6%A4%E0%A6%BF%E0%A6%B9%E0%A6%BE%E0%A6%B8%E0%A7%87%E0%A6%B0-%E0%A6%8F%E0%A6%87-%E0%A6%A6%E0%A6%BF%E0%A6%A8%E0%A7%87-%E0%A6%AF%E0%A6%BE-%E0%A6%98%E0%A6%9F%E0%A7%87%E0%A6%9B%E0%A6%BF%E0%A6%B2,"২ জুন: ইতিহাসের এই দিনে যা ঘটেছিল","ইনামুল হোসেন","বিনোদন ও লাইফস্টাইল"," ২ জুন, ২০২১","N/A","আজ ০২ জুন ২০২১ বুধবার (১৯ জ্যৈষ্ঠ ১৪২৭ বঙ্গাব্দ)। গ্রেগরিয়ান বর্ষপঞ্জি অনুসারে বছরের ১৫৩তম দিন। একনজরে দেখে নিন ইতিহাসের এ দিনে ঘটে যাওয়া উল্লেখযোগ্য ঘটনা, বিশিষ্টজনের জন্ম-মৃত্যুদিনসহ গুরুত্বপূর্ণ আরও কিছু বিষয়।","ঘটনাবলি:১৭৪৬ - রাশিয়া ও অস্ট্রিয়ার মধ্যে চুক্তি স্বাক্ষরিত।১৮৬৪ - গ্রিক সেনাবাহিনীর কর্ফু দখল।১৮৮৯ - লুই পাস্তুর কর্তৃক প্রথম জলাতঙ্ক রোগের ইনজেকশন প্রদান প্রদর্শন।১৮৯৫ - চীনের কাছ থেকে জাপান তাইওয়ানের শাসনভার বুঝে নেয়।১৮৯৬ - বিশ্বের প্রথম বেতার যন্ত্রের (পেটেন্টের জন্য) নিবন্ধন করেন মার্কোনি।১৯০৮ - কলকাতার মানিকতলা বোমা বিস্ফোরণ মামলায় শ্রীঅরবিন্দ গ্রেপ্তার হন।১৯২০ - ইউজিন ও নিল পুলিৎজার পুরস্কারে ভূষিত হন।১৯২৪ - আমেরিকায় জন্মগ্রহণকারী ভারতীয়দের আমেরিকার নাগরিকত্ব লাভ।১৯৪১ - ইংল্যান্ডে কাপড়ের রেশন প্রথা চালু হয়।১৯৪২ - বিখ্যাত জার্মান সেনা কমান্ডার আরভিন রুমেল উত্তর আফ্রিকায় ব্রিটিশ সেনাদের ওপর বড় ধরনের পাল্টা সামরিক অভিযান শুরু করেন।১৯৪৬ - ইতালি প্রজতন্ত্র গঠিত হয়।১৯৫৩ - ব্রিটেনের রানি দ্বিতীয় এলিজাবেথের অভিষেক।১৯৫৬ - যুগোস্লাভ প্রেসিডেন্ট টিটো মস্কো সফর করেন।১৯৫৭ - মার্কিন টেলিভিশন ক্রুশ্চেভের সাক্ষাৎকার প্রচারিত হয়।১৯৬৫ - বাংলাদেশে ঘূর্ণিঝড়ে ৩০ হাজার লোকের প্রাণহানি হয়।১৯৭৯ - পোপ দ্বিতীয় জন পল, মাতৃভূমি পোল্যান্ড সফর শুরু করেন; তিনিই কোন কম্যুনিস্ট দেশ ভ্রমণকারী প্রথম পোপ।১৯৮১ - ঢাকায় শেরেবাংলানগর রাষ্ট্রপতি জিয়াউর রহমানের জানাজা ও দাফন।১৯৯০ - পরমাণু ও রাসায়নিক অস্ত্র হ্রাসে মস্কো-ওয়াশিংটন চুক্তি।১৯৯৯ - ভুটান ব্রডকাস্টিং সার্ভিস প্রথমবারের মতো দেশটিতে টেলিভিশন সম্প্রচার শুরু করে।২০১৪ - ভারতে অন্ধ্রপ্রদেশের দশটি জেলা নিয়ে তেলেঙ্গানা রাজ্য গঠিত হয়।জন্ম:৯২৬ - জাপান সম্রাট মুরাকামি।১৫৩৫ - পোপ একাদশ লিও।১৭৩১ - মার্থা ওয়াশিংটন, মার্কিন যুক্তরাষ্ট্রের প্রথম ফার্স্ট লেডি।১৮৪০ - টমাস হার্ডি, ইংরেজ সাহিত্যিক।১৮৬৫ - জর্জ লোহম্যান, ইংরেজ সাবেক ক্রিকেটার।১৯০৪ - জনি ওয়াইজমুলার, বিখ্যাত জার্মান-আমেরিকান সাঁতারু ও অভিনেতা।১৯১৮ - মার্কিন কার্টুনিস্ট রুথ আটকিন্স।১৯২৩ - লয়েড শ্যাপলে, যুক্তরাষ্ট্রের একজন প্রখ্যাত গণিত ও অর্থনীতিবিদ।১৯৩০ - পিট কনরাড, মার্কিন নভোচারী।১৯৪৬ - লাসে হালস্ত্রোম, সুয়েডীয় চলচ্চিত্র পরিচালক।১৯৬৫ - মার্ক ওয়াহ, অস্ট্রেলীয় সাবেক ক্রিকেটার।১৯৭২ - ওয়েন্টওয়ার্থ মিলার, ইংরেজ-বংশোদ্ভূত মার্কিন অভিনেতা।১৯৭৭ - এ জে স্টাইলস, আমেরিকান রেসলার।১৯৭৮ - আই সোইয়োন, দক্ষিণ কোরীয় নভোচারী।১৯৮০ - অ্যাবি ওয়ামব্যাচ, যুক্তরাষ্ট্রের পেশাদার প্রমীলা ফুটবল খেলোয়াড়।১৯৮১ - রাশেদ উদ্দিন আহমেদ তপু, বাংলাদেশি সংগীতশিল্পী।১৯৮৭ - অ্যাঞ্জেলো ম্যাথিউস, শ্রীলংকান আন্তর্জাতিক ক্রিকেটার।১৯৮৭ - সোনাক্ষী সিনহা, ভারতীয় বলিউড অভিনেত্রী।১৯৮৯ - স্টিভ স্মিথ, অস্ট্রেলিয়ান ক্রিকেটার।মৃত্যু:১৮৮২ - ইতালির দেশব্রতী জাতীয়তাবাদী নেতা গ্যারিবল্ডি।১৯৫৬ - জিন হারশল্ট, ডেনীয়-মার্কিন অভিনেতা।১৮৮৬ - রুশ নাট্যকার আলেকজান্ডার অস্ত্রোভস্কি।১৯৬৩ - তুরস্কের খ্যাতনামা কবি নাজেম হেকমাত।১৯৭৫ - জাপানের নোবেল বিজয়ী প্রধানমন্ত্রী ইসাতু সাতো।১৯৭৫ - দেবেন্দ্র মোহন বসু, ভারতীয় পদার্থবিজ্ঞানী।১৯৭৭ - স্টিভেন বয়েড, উত্তর আয়ারল্যান্ডীয় অভিনেতা।১৯৭৮ - সান্তিয়াগো বার্নাব্যু ইয়েস্তে, স্প্যানিশ ফুটবলার এবং কোচ।১৯৮১ - আকবর হোসেন, বাঙালি কথাশিল্পী ও ঔপন্যাসিক।১৯৮২ - শাহ আবদুল ওয়াহহাব, দারুল উলুম হাটহাজারীর দ্বিতীয় মহাপরিচালক।১৯৮২ - ফজল ইলাহী চৌধুরী, পাকিস্তানি রাজনীতিবিদ এবং পাকিস্তানের পঞ্চম রাষ্ট্রপতি।১৯৮৮ - রাজ কাপুর, ভারতীয় চলচ্চিত্র নির্মাতা ও অভিনেতা।১৯৮৯ - টেড অ’বেকেট, অস্ট্রেলীয় ক্রিকেটার।১৯৯০ - রেক্স হ্যারিসন, ইংরেজ অভিনেতা।২০১১ - দেবদুলাল বন্দ্যোপাধ্যায় প্রখ্যাত সংবাদ পাঠক আবৃত্তিকার ও বাচিক শিল্পী।২০১৩ - হাকিম মুহাম্মদ আখতার, পাকিস্তানি দেওবন্দি সুফি।২০১৫ - বিজয়া রায়, সত্যজিৎ রায়ের স্ত্রী।২০১৯ - মমতাজউদদীন আহমদ, বাংলাদেশি নাট্যকার, অভিনেতা ও ভাষাসৈনিক।",0
https://www.somoynews.tv/news/2021-06-01/%E0%A6%AB%E0%A6%BE%E0%A6%B0%E0%A6%BF%E0%A7%9F%E0%A6%BE%E0%A6%B0-%E0%A6%AA%E0%A7%8B%E0%A6%B6%E0%A6%BE%E0%A6%95-%E0%A6%AA%E0%A6%BE%E0%A6%AC%E0%A7%87%E0%A6%A8-%E0%A6%B8%E0%A7%81%E0%A6%AC%E0%A6%BF%E0%A6%A7%E0%A6%BE%E0%A6%AC%E0%A6%9E%E0%A7%8D%E0%A6%9A%E0%A6%BF%E0%A6%A4%E0%A6%B0%E0%A6%BE,"ফারিয়ার পোশাক পাবেন সুবিধাবঞ্চিতরা","বিনোদন ডেস্ক","বিনোদন ও লাইফস্টাইল"," ১ জুন, ২০২১","N/A","ব্যতিক্রমী এ উদ্যোগটি নিয়েছে ‘সুইচ বাংলাদেশ ফাউন্ডেশন’।","প্রতিটি সিনেমায় আলাদা ডিজাইনের পোশাক পরেন চিত্রনায়িকা নুসরাত ফারিয়া। চরিত্র অনুযায়ী পোশাকগুলো নিজেই কেনেন এ তারকা। শুটিং শেষে পোশাকগুলো খুব বেশি ব্যবহার হয় না। তাই ফারিয়ার অব্যবহৃত পোশাকগুলো সুবিধাবঞ্চিতদের দেওয়ার উদ্যোগ নেওয়া হয়েছে।ব্যতিক্রমী এ উদ্যোগটি নিয়েছে ‘সুইচ বাংলাদেশ ফাউন্ডেশন’। ঈদুল আজহায় এ সংগঠনের মাধ্যমে রাজধানীর সুবিধাবঞ্চিতদের মাঝে পোশাকগুলো বিতরণ করা হবে। এরই মধ্যে ফারিয়ার কাছ থেকে দুই শতাধিক পোশাক সংগ্রহ করা হয়েছে। এমনটাই জানান সংগঠনটির প্রধান সমন্বয়ক মোস্তাফিজুর রহমান।সংবাদমাধ্যমকে তিনি বলেন, ‘১০ টাকায় কাপড়’ নামের বিশেষ প্রকল্পে পোশাকগুলো বস্তির মানুষের মাঝে বিতরণ করা হবে। তারকারা গরিব মানুষের পাশে দাঁড়ালে সাধারণরা আরও বেশি উৎসাহিত হয়। এ কারণে আমরা জনপ্রিয় এই শিল্পীকে বিষয়টি জানিয়েছিলাম। তিনি আমাদের আহ্বানে সাড়া দিয়েছেন।বিশেষ এ উদ্যোগটি প্রসঙ্গে নুসরাত ফারিয়া বলেন, ‘গরীবদের জন্য এই প্রকল্পে এ ধরনের পোশাক সংগ্রহ করা হয়। দিতে পেরে সত্যিই আমার ভালো লাগছে।’",1
https://www.somoynews.tv/news/2021-06-01/%E0%A6%AB%E0%A7%87%E0%A6%B0-%E0%A6%9C%E0%A7%8B%E0%A6%95%E0%A6%BE%E0%A6%B0-%E0%A6%B9%E0%A6%9A%E0%A7%8D%E0%A6%9B%E0%A7%87%E0%A6%A8-%E2%80%98%E0%A6%AB%E0%A6%BF%E0%A6%A8%E0%A6%BF%E0%A6%95%E0%A7%8D%E0%A6%B8%E2%80%99,"ফের জোকার হচ্ছেন ‘ফিনিক্স’","বিনোদন ডেস্ক","বিনোদন ও লাইফস্টাইল"," ১ জুন, ২০২১","N/A","বেশ কয়েক মাস ধরেই গুঞ্জন চলছে।","হলিউডের যত অ্যান্টি হিরোর সিনেমা রয়েছে তার মধ্যে জোকারের নাম শুরুতেই চলে আসে। ছবিটি শুধু দর্শকপ্রিয়তাই নয়, ইতোমধ্যে জয় করে নিয়েছে বিশ্ব চলচ্চিত্রের সবচেয়ে মর্যাদাপূর্ণ পুরস্কার অস্কারও। তুমুল জনপ্রিয় এই সিনেমাটি নতুন স্পিন-অফ নিয়ে বেশ কয়েক মাস ধরেই গুঞ্জন চলছে। অনেকেই মনে করছেন সিনেমাটিতে আবারো নিজের চরিত্রে ফিরে আসবেন জোয়াকিন ফিনিক্স।বছর দুয়েক আগে টড ফিলিপস পুরো দুনিয়াকে উপহার দেয় ‘জোকার’। ডিসির গতানুগতিক আমেজের বাইরে গিয়ে ভিন্ন আঙ্গিকের এ সিনেমা নিয়ে শুরু থেকেই নানা আলোচনা ছিল। অনেকেই ভেবেছিলেন আলোচনা অনুযায়ী ততোটা সাফল্য পাবে না ‘জোকার’। কিন্তু সব ভাবনাকে থমকে দিয়ে অভাবনীয় সাফল্য পেয়েছে এটি।এবার আসতে চলেছে এর দ্বিতীয় কিস্তি। সিনেমাটির নতুন কিস্তির জন্য ইতোমধ্যে প্রস্তুতি শুরু করে দিয়েছে ডিসি। সম্প্রতি সিনেমাটির প্রথম কিস্তির পরিচালক টড ফিলিপসকেও আলোচনার জন্য ডেকেছে তারা। আপাতত পরিচালক হিসেবে নয়, সিনেমাটির সহ-লেখক হিসেবে অন্তর্ভুক্ত হচ্ছেন তিনি। পরিচালনার ক্ষেত্রে ফিলিপস থাকবেন কিনা সে বিষয়ে এখনও স্পষ্ট কোনো ধারণা পাওয়া যায়নি।এদিকে ফিলিপসের সঙ্গে প্রথম অংশে কাজ করা সহ-লেখক স্কট সিলভার যোগ দেবেন কিনা, সে বিষয়েও স্পষ্টতা নেই। তবে থাকছেন জোয়াকিন ফিনিক্স।",0
https://www.somoynews.tv/news/2021-06-01/%E0%A6%B8%E0%A7%8B%E0%A6%B6%E0%A7%8D%E0%A6%AF%E0%A6%BE%E0%A6%B2-%E0%A6%AE%E0%A6%BF%E0%A6%A1%E0%A6%BF%E0%A7%9F%E0%A6%BE-%E0%A6%A5%E0%A7%87%E0%A6%95%E0%A7%87-%E0%A6%95%E0%A6%A4-%E0%A6%86%E0%A7%9F-%E0%A6%95%E0%A6%B0%E0%A7%87%E0%A6%A8-%E0%A6%A4%E0%A6%BE%E0%A6%B0%E0%A6%BE-,"সোশ্যাল মিডিয়া থেকে কত আয় করেন তারা?","বিনোদন ডেস্ক","বিনোদন ও লাইফস্টাইল"," ১ জুন, ২০২১","N/A","অভিনয় ছাড়াও তারকারা এখন যুক্ত হচ্ছেন সোশ্যাল মিডিয়ার বিভিন্ন মাধ্যমে।","অভিনয় ছাড়াও তারকারা এখন যুক্ত হচ্ছেন সোশ্যাল মিডিয়ার বিভিন্ন মাধ্যমে। তবে সামাজিক যোগাযোগ মাধ্যমের নানা প্ল্যাটফর্মগুলো তারকাদের আয়ের অন্যতম উৎস হয়ে উঠেছে। বলিউডের অনেক তারকাই প্রচুর টাকা আয় করেন এসব মাধ্যম থেকে। সে তালিকায় আছেন অমিতাভ, শাহরুখ, প্রিয়াঙ্কার মতো বড় তারকারা।৭৮ বছর বয়সেও সোশ্যাল মিডিয়া দাঁপিয়ে বেড়াচ্ছেন কিংবদন্তি অমিতাভ বচ্চন। ২৬ দশমিক ৭ মিলিয়ন ফলোয়ার থাকা তার ফেসবুক প্রোফাইল থেকে প্রত্যেকটি পোস্টের জন্য ৫০ লাখ রুপি নিয়ে থাকেন তিনি।বলিউড বাদশা শাহরুখ খানের নাম তো এরপরেই চলে আসে। কিং খান তার ইনস্টাগ্রামে প্রত্যেকটি বিজ্ঞাপন পোস্টের জন্য ৮০ লাখ থেকে ১ কোটি রুপি নিয়ে থাকেন। কিং খানের প্রায় সমপরিমাণ অর্থ ইনস্টাগ্রাম থেকে আয় করেন আলিয়া ভাটও।তবে বলিউড তারকাদের মাঝে সব থেকে বেশি অর্থ পান প্রিয়াঙ্কা। ৬৩ দশমিক ৮ মিলিয়নের বিশাল ফ্যান ফলোয়ারের ইনস্টাগ্রাম অ্যাকাউন্ট থেকে প্রতিটি বিজ্ঞাপন পোস্টের জন্য ১.৮০ কোটি থেকে ২ কোটি রুপি নিয়ে থাকেন তিনি। মূলত হলিউডের সিনেমা করার পর থেকেই প্রিয়াঙ্কার জনপ্রিয়তা পৃথিবী জুড়ে। জাতিসংঘের শান্তি দূত থেকে শুরু করে নানা সামাজিক কার্যক্রমে ব্যস্ত থাকা এই তারকার চাহিদাটাও সামাজিক যোগাযোগ মাধ্যমে অনেক বেশি।অভিনয় ছাড়াও তারকারা তাদের আর্থিক আয়ের ভাণ্ডার খুলে বসেছেন সোশ্যল প্ল্যাটফর্মগুলোতে। এতে তারা যেমন জয়প্রিয়তা পাচ্ছেন তেমন হচ্ছে বাড়তি উপার্জনও।",0
https://www.somoynews.tv/news/2021-06-01/%E0%A6%A8%E0%A7%8B%E0%A6%AC%E0%A7%87%E0%A6%B2%E0%A7%87%E0%A6%B0-%E0%A6%AC%E0%A6%BF%E0%A6%B0%E0%A7%81%E0%A6%A6%E0%A7%8D%E0%A6%A7%E0%A7%87-%E0%A6%87%E0%A6%A5%E0%A7%81%E0%A6%A8-%E0%A6%AC%E0%A6%BE%E0%A6%AC%E0%A7%81%E0%A6%B0-%E0%A6%AE%E0%A6%BE%E0%A6%AE%E0%A6%B2%E0%A6%BE,"নোবেলের বিরুদ্ধে ইথুন বাবুর মামলা","বিনোদন প্রতিবেদক","বিনোদন ও লাইফস্টাইল"," ১ জুন, ২০২১","N/A","ডিজিটাল নিরাপত্তা আইন ২০১৮–এর ২৫ (২) ২৯ ধারায় মামলাটি করেছেন তিনি।","গায়ক মাইনুল আহসান নোবেলের বিরুদ্ধে মামলা করেছেন গীতিকার, সুরকার ও সঙ্গীত পরিচালক ইথুন বাবু। সোমবার (৩১ মে) ঢাকার সাইবার ট্রাইব্যুনালে ডিজিটাল নিরাপত্তা আইন ২০১৮–এর ২৫ (২) ২৯ ধারায় মামলাটি করেছেন তিনি। সময় নিউজকে বিষয়টি নিশ্চিত করেছেন ইথুন বাবুর আইনজীবী ফারুক আহাম্মদ।তিনি বলেন, ‘মামলার যাবতীয় প্রস্তুতি শেষ করেছি। ফাইল কোর্টে জমা দেওয়ার অপেক্ষায় ছিলাম। মঙ্গলবার (১ জুন) দুপুরের পরে বাদীর উপস্থিতিতে ফাইল জমা দিয়েছি। আগামী বৃহস্পতিবার শুনানি হওয়ার কথা আছে।’এর আগে গত রোববার (২৩ মে) রাতে নোবেলের নামে হাতিরঝিল থানায় সাধারণ ডায়েরি করেছিলেন ইথুন বাবু। যার নম্বর ৮৯৯। জিডিতে তিনি উল্লেখ করেন, ‘নোবেলম্যান’ ফেসবুকে তাকে ‘চোর’ অ্যাখ্যায়িত করে ষড়যন্ত্রমূলক পোস্ট দেয়। দেশের সনামধন্য শিল্পীদের নিয়ে কটূক্তিসহ জীবন নাশের হুমকি দিয়ে আসছে। এটি মানহানিকর ও লজ্জাজনক।মামলা প্রসঙ্গে ইথুন বাবু সময় নিউজকে বলেন, ‘বিষয়টি আমার জন্য অপমানজনক, লজ্জার। আমার সংগীত ক্যারিয়ারে যে কাজটি কেউ করার সাহস পায়নি নোবেল সে কাজটি করেছে। তাকে এত সাহস কে দিয়েছে? বিষয়টি খতিয়ে দেখা দরকার।’এদিকে গেল ১৬ মে দিবাগত রাতে সময় টিভির বিনোদন প্রতিবেদক আল কাছিরকে অপহরণের হুমকি দিয়েছিলেন নোবেল। এ অভিযোগে তার বিরুদ্ধে রাজধানীর কলাবাগান থানায় জিডি করে সময় টেলিভিশন কর্তৃপক্ষ। গত ১৭ মে বিকেল সাড়ে ৩টায় প্রতিষ্ঠানটির পক্ষে জ্যৈষ্ঠ নির্বাহী (প্রশাসন ও পরিচালন) সৈয়দ আসাদুজ্জামান থানায় হাজির হয়ে জিডিটি করেন। যার নম্বর ৭০৩।এসব বিতর্কিত কর্মকাণ্ডের সঙ্গে জড়ানোর কারণে নোবেলের সঙ্গে হওয়া চুক্তি বাতিল করেছে সঙ্গীত প্রযোজনা প্রতিষ্ঠান সাউন্ডটেক। এছাড়া মোহাম্মদ ইকবালের পরিচালনায় ‘রিভেঞ্জ’ সিনেমায় গান করার কথা ছিল নোবেলের। কিন্তু তাকে বাদ দিয়েছেন ইকবাল। সময় নিউজকে বিষয়টি জানিয়েছেন তিনি নিজেই।",1
https://www.somoynews.tv/news/2021-06-01/%E0%A6%AC%E0%A6%BF%E0%A6%97-%E0%A6%AC%E0%A6%B8%E0%A7%87-%E0%A6%A6%E0%A7%87%E0%A6%96%E0%A6%BE-%E0%A6%AF%E0%A6%BE%E0%A6%AC%E0%A7%87-%E0%A6%B0%E0%A6%BF%E0%A7%9F%E0%A6%BE%E0%A6%95%E0%A7%87!,"বিগ বসে দেখা যাবে রিয়াকে!","বিনোদন ডেস্ক","বিনোদন ও লাইফস্টাইল"," ১ জুন, ২০২১","N/A","এমন গুঞ্জনই বি-টাউনে","শুরু হতে যাচ্ছে জনপ্রিয় রিয়েলিটি শো ‘বিগ বস’ এর নতুন সিজন। এবারের সিজনে প্রতিযোগী তালিকায় বড় চমক থাকছে। আর তা নিয়ে বি-টাউনে শুরু হয়েছে জোর গুঞ্জন। এমন খবরই প্রকাশ করেছে আনন্দবাজার।জানা গেছে, নতুন সিজনে প্রতিযোগী হিসেবে অংশ নিতে পারেন প্রয়াত অভিনেতা সুশান্ত সিংয়ের প্রেমিকা রিয়া চক্রবর্তী। অনুষ্ঠানে অংশ নিয়ে রিয়া তার ব্যক্তিগত এবং পরিবারিক গল্প তুলে ধরবেন। ‘বিগ বস’ সিজন ১৫ শুরু হবে চলতি বছর শেষের দিকে। প্রি-প্রডাকশনের কাজ শিগগিরই শুরু হওয়ার কথা রয়েছে।রিয়া চক্রবর্তী ছাড়া আরও অংশ নেবেন ‘কসৌটি জিন্দেগি কে’ খ্যাত অভিনেতা পার্থ সামথান ও ‘তারক মেহ্তা কা উল্টা চশমা’র অভিনেত্রী দিশা ভাখানি। এছাড়া গোবিন্দর ভাগ্নে ক্রুষ্ণা অভিষেককে দেখা যেতে পারে নতুন সিজনে। অন্যদিকে ‘বিগ বস ১৪’ এর প্রতিযোগী গায়ক রাহুল বৈদ্যর বান্ধবী দিশা পরমা এবং ‘জামাই রাজা’র নায়িকা নিয়া শর্মাকেও নতুন সিজনের জন প্রস্তাব দেওয়া হয়েছে।সুশান্ত সিং রাজপুতের মৃত্যুর পর আলোচনায় তার সাবেক প্রেমিকা রিয়া। মাদককাণ্ডে সম্পৃক্ততা থাকায় গ্রেপ্তার করা হয়েছিল তাকে। এক মাস জেলও খেটেছিলেন রিয়া। বর্তমানে তিনি জামিন আছেন।",0
https://www.somoynews.tv/news/2021-06-01/%E0%A6%AA%E0%A6%B9%E0%A7%87%E0%A6%B2%E0%A6%BE-%E0%A6%9C%E0%A7%81%E0%A6%A8--%E0%A6%87%E0%A6%A4%E0%A6%BF%E0%A6%B9%E0%A6%BE%E0%A6%B8%E0%A7%87%E0%A6%B0-%E0%A6%8F%E0%A6%87-%E0%A6%A6%E0%A6%BF%E0%A6%A8%E0%A7%87,"পহেলা জুন: ইতিহাসের এই দিনে","অন্তু মুজাহিদ","বিনোদন ও লাইফস্টাইল"," ১ জুন, ২০২১","N/A","১ জুন ২০২১ মঙ্গলবার (১৮ জ্যৈষ্ঠ ১৪২৭ বঙ্গাব্দ)। গ্রেগরিয়ান বর্ষপঞ্জী অনুসারে বছরের ১৫২ তম দিন। এক নজরে দেখে নিন ইতিহাসের এ দিনে ঘটে যাওয়া উল্লেখযোগ্য ঘটনা, বিশিষ্টজনের জন্ম-মৃত্যুদিনসহ গুরুত্বপূর্ণ আরও কিছু বিষয়।","১ জুন ২০২১ মঙ্গলবার (১৮ জ্যৈষ্ঠ ১৪২৭ বঙ্গাব্দ)। গ্রেগরিয়ান বর্ষপঞ্জী অনুসারে বছরের ১৫২ তম দিন। এক নজরে দেখে নিন ইতিহাসের এ দিনে ঘটে যাওয়া উল্লেখযোগ্য ঘটনা, বিশিষ্টজনের জন্ম-মৃত্যুদিনসহ গুরুত্বপূর্ণ আরও কিছু বিষয়।ঘটনাবলি
১৫৩৩ - অ্যান বোলেইন ইংল্যান্ডের রানির মুকুট গ্রহণ করেন।
১৮৭৪ - ইস্ট ইণ্ডিয়া কোম্পানি আজকের দিনে বিলুপ্ত হয়।
১৯৭২ - বাংলাদেশকে স্বাধীন দেশ হিসেবে স্বীকৃতি দেয় চিলি।
১৯৮০ - সিএনএন স্যাটালাইট টেলিভিশনের সম্প্রচার শুরু।
১৯৮১ - বাংলাদেশ প্রকৌশল বিশ্ববিদ্যালয় (বুয়েট) প্রতিষ্ঠা।
১৯৯০ - জর্জ ডব্লিউ বুশ ও মিখাইল গর্বাচভ রাসায়নিক অস্ত্রবিরতি চুক্তিতে স্বাক্ষর করেন।
২০০১ - নেপালের যুবরাজ দীপেন্দ্রর ব্রাশ ফায়ারে রাজা-রানিসহ পরিবারের অনেকেই নিহত।
২০০৯ - এয়ার ফ্রান্স ফ্লাইট ৪৪৭ ব্রাজিলের কাছে আটলান্টিক সাগরে আছড়ে পড়ে, ২২৮ জন যাত্রী এবং কর্মচারীর সকলে নিহত হন।জন্ম
১৮৪২ - সত্যেন্দ্রনাথ ঠাকুর ,বাঙালি লেখক, সংগীতস্রষ্টা ও ভাষাবিদ ও ইন্ডিয়ান সিভিল সার্ভিসে যোগদানকারী প্রথম ভারতীয়।
১৮৯০ - ফ্রাঙ্ক মরগান, মার্কিন অভিনেতা।
১৯০৬ - কবি ছান্দসিক আবদুল কাদির।
১৯১৭ - উইলিয়াম নোল্‌স, মার্কিন রসায়নবিদ।
১৯২৬ - মেরিলিন মনরো মার্কিন চলচ্চিত্র অভিনেত্রী ও পপ আইকন।
১৯৩০ - ম্যাট পুর, নিউজিল্যান্ডের ক্রিকেটার।
১৯৩৪ - মোহিত চট্টোপাধ্যায় ভারতীয় কবি, নাট্যকার ও চিত্রনাট্যকার ।
১৯৩৪ - এটিএম আফজাল, বাংলাদেশের ৮ম প্রধান বিচারপতি।
১৯৩৫ - বিমলকৃষ্ণ মতিলাল, বাঙালি দার্শনিক অধ্যাপক।
১৯৩৭ - মরগান ফ্রিম্যান, মার্কিন অভিনেতা, চলচ্চিত্র পরিচালক এবং নির্দেশক।
১৯৪১ - মো. রুহুল আমিন, বাংলাদেশের ১৫তম প্রধান বিচারপতি।
১৯৪৭ - জনাথন প্রাইস, ওয়েলসীয় অভিনেতা ও গায়ক।
১৯৫০ - অনুপম হায়াৎ।
১৯৬৩ - কুমার বিশ্বজিৎ বাংলাদেশি একজন সঙ্গীতশিল্পী।
১৯৬৩ - উম্মে কুলসুম স্মৃতি, বাংলাদেশী রাজনীতিবিদ ও সংরক্ষিত নারী আসন-৪ এর সংসদ সদস্য।
১৯৬৫ - নাইজেল শর্ট, ইংরেজ দাবা খেলোয়াড়।
১৯৬৮ - সেলিনা বেগম, বাংলাদেশি রাজনীতিবিদ ও সংরক্ষিত নারী আসন-৬ এর সংসদ সদস্য।
১৯৭০ - মাহফুজুর রহমান, বাংলাদেশি রাজনীতিবিদ ও চট্টগ্রাম-৩ আসনের সংসদ সদস্য।
১৯৭৩ - শফিউদ্দিন আহমেদ, বাংলাদেশি সাবেক ক্রিকেটার।
১৯৭৬ - শাহরিয়ার হোসেন, বাংলাদেশি সাবেক ক্রিকেটার।
১৯৮৩ - সালমা খাতুন, বাংলাদেশের প্রথম নারী ট্রেন চালক।মৃত্যু
১৯৩ - ডিডিয়াস জুলিয়াস, রোমান সম্রাট।
১৮৪২ - শিক্ষাবিদ ডেভিড হেয়ার।
১৮৬৮ - জেমস বিউকানান, মার্কিন যুক্তরাষ্ট্রের পঞ্চদশ রাষ্ট্রপতি।
১৯৪৩ - লেসলি হাওয়ার্ড, ইংরেজ অভিনেতা, পরিচালক ও প্রযোজক।
১৯৬৮ - হেলেন কেলার, মার্কিন লেখিকা ও রাজনৈতিক কর্মী।
১৯৬৯ - তফাজ্জল হোসেন মানিক মিয়া, দৈনিক ইত্তেফাক পত্রিকার প্রতিষ্ঠাতা সম্পাদক।
১৯৭৮ - উর্দু লেখক চলচ্চিত্রকার খাজা আহমদ আব্বাস।
১৯৯৬ - নীলম সঞ্জীব রেড্ডি, ভারতের ৬ষ্ঠ রাষ্ট্রপতি।
১৯৯৮ - সাতারু ব্রজেন দাস।
২০০১ - অ্যালেক্স জেমস, স্কটল্যান্ডীয় ফুটবল খেলোয়াড়।
২০০১ - বীরেন্দ্র বীর বিক্রম শাহ দেব, নেপালের রাজা।
২০০২ - হানসি ক্রনিয়ে, দক্ষিণ আফ্রিকার ক্রিকেট দলের সাবেক অধিনায়ক।
২০০৮ - লিন ফুলস্টন, অস্ট্রেলীয় প্রমিলা আন্তর্জাতিক ক্রিকেটার।
২০২০ - বলিউডের সংগীত পরিচালক ওয়াজিদ খান।",0
https://www.somoynews.tv/news/2021-06-01/%E0%A6%B8%E0%A7%8D%E0%A6%A4%E0%A7%8D%E0%A6%B0%E0%A7%80%E0%A6%B0-%E0%A6%B8%E0%A6%99%E0%A7%8D%E0%A6%97%E0%A7%87-%E0%A6%AC%E0%A6%BF%E0%A6%AC%E0%A6%BE%E0%A6%A6%E0%A7%87-%E0%A6%AE%E0%A6%BF%E0%A6%A5%E0%A7%81%E0%A6%A8--%E0%A6%89%E0%A7%8E%E0%A6%95%E0%A6%A3%E0%A7%8D%E0%A6%A0%E0%A6%BE%E0%A7%9F-%E0%A6%AC%E0%A7%83%E0%A6%B7,"স্ত্রীর সঙ্গে বিবাদে মিথুন, উৎকণ্ঠায় বৃষ","অন্তু মুজাহিদ","বিনোদন ও লাইফস্টাইল"," ১ জুন, ২০২১","N/A","আজ ১ জুন ২০২১, মঙ্গলবার। ভাগ্যরেখা অনুযায়ী আপনার আজকের দিনটি কেমন কাটতে পারে? ব্যক্তি, পারিবারিক ও কর্মক্ষেত্র সম্পর্কে কী বলছে জ্যোতিষশাস্ত্র? এ বিষয়গুলো সম্পর্কে যারা দিনের শুরুতেই কিছুটা ধারণা নিয়ে রাখতে চান তারা একনজরে পড়ে নিতে পারেন আজকের রাশিফল।","আজ ১ জুন ২০২১, মঙ্গলবার। ভাগ্যরেখা অনুযায়ী আপনার আজকের দিনটি কেমন কাটতে পারে? ব্যক্তি, পারিবারিক ও কর্মক্ষেত্র সম্পর্কে কী বলছে জ্যোতিষশাস্ত্র? এ বিষয়গুলো সম্পর্কে যারা দিনের শুরুতেই কিছুটা ধারণা নিয়ে রাখতে চান তারা একনজরে পড়ে নিতে পারেন আজকের রাশিফল।মেষ:
কোনো আশা ভঙ্গ হতে পারে। সম্পত্তি নিয়ে চিন্তা বাড়বে। নারীদের কাছ থেকে সাহায্য পাবেন। পেটের সমস্যা বাড়তে পারে। স্ত্রীর আবদার পূরণ করতে হতে পারে। বাবার জন্য ভালো কিছু ব্যবস্থা।বৃষ:
কর্মস্থানে উৎকণ্ঠা বাড়তে পারে। বাড়ির কাছে ভ্রমণ হতে পারে। কাজের ভালো সুযোগ আসতে পারে। বাজে চিন্তার জন্য মানসিক কষ্ট। লটারি থেকে কিছু আয় হতে পারে। মাথার যন্ত্রণা বাড়তে পারে।মিথুন:
স্ত্রীর সঙ্গে বিবাদের আশঙ্কা। আত্মীয়ের সঙ্গে সম্পত্তি নিয়ে অশান্তি থাকবে। কর্মস্থানে বিবাদ নিয়ে চিন্তা। সামাজিক সুনাম আসতে পারে। ব্যবসায় ভালো যোগাযোগ আসবে। বাড়তি খরচ নিয়ে চিন্তা থাকবে। অফিসে চাপ বাড়তে পারে।কর্কট:
আপনার দ্বারা লজ্জাজনক কাজ হতে পারে। স্ত্রীর সঙ্গে বিবাদের জন্য মানসিক কষ্ট বাড়তে পারে। পড়াশোনার জন্য শুভ পরিবর্তন। ব্যবসা নিয়ে চাপ বাড়তে পারে।সিংহ:
একাধিক পথে আয় করতে গিয়ে বিপদ আসতে পারে। কাজের ব্যাপারে উদ্বেগ বাড়তে পারে। অহেতুক ক্রোধ বাড়তে পারে। পেটের পুরনো রোগ ফিরে আসতে পারে। স্ত্রীর সঙ্গে অশান্তি বাড়তে পারে।কন্যা:
পেটের সমস্যা থেকে সাবধান থাকুন। ব্যবসার জন্য খরচ বাড়বে। নিজের চালাকির দ্বারা বিপদ থেকে উদ্ধার পাবেন। প্রেমের জন্য আনন্দ বাড়তে পারে। চিকিৎসার জন্য খরচ বাড়তে পারে।তুলা:
নতুন কোনো বন্ধুর জন্য আনন্দিত হবেন। স্ত্রীর কোনো কাজের জন্য মানসিক শান্তি মিলতে পারে। আর্থিক চাপ থাকবে।বৃশ্চিক:
কোনো কাজে বারবার চেষ্টা করা বৃথা হবে। শরীরে কোনো কষ্ট অবহেলা করবেন না। কোনো আইনি কাজের জন্য ভালো সুযোগ আসতে পারে। বাইরের বিবাদ বাড়িতে আসতে পারে।ধনু:
সাবধানে থাকুন, ক্ষতির আশঙ্কা আছে। কোনো আত্মীয়ের সঙ্গে অশান্তি হতে পারে। বিবাহিত জীবনে সুখের খবর পাওয়ায় আনন্দ। আর্থিক সুবিধা পেতে পারেন। পায়ের যন্ত্রণা বাড়তে পারে।মকর:
বাবার সঙ্গে তর্ক করার জন্য মন খারাপ হবে। আজ ভ্রমণে বাধা আসতে পারে। তবে সারাদিন কোনো প্রিয়জনের সঙ্গে থাকার জন্য আনন্দ পাবেন। পেটের সমস্যা থাকবে। পরিবারে খরচ বাড়তে পারে।কুম্ভ:
ব্যবসায় কিছু উন্নতি আসতে পারে। সংসারে একটু শান্তি দেখতে পাবেন। অফিসে জটিলতা বাড়তে পারে। ভ্রমণের জন্য বাড়তি খরচ হতে পারে।মীন:
ভাইবোনের সঙ্গে সম্পত্তি নিয়ে বিবাদ হতে পারে। প্রেমের সম্পর্কে উন্নতি হতে পারে। আজ আপনার ক্ষতির আশঙ্কা আছে।",0
