https://somoynews.tv/news/2021-06-14/%E0%A6%87%E0%A6%B8%E0%A6%B0%E0%A6%BE%E0%A7%9F%E0%A7%87%E0%A6%B2%E0%A7%87%E0%A6%B0-%E0%A6%A8%E0%A6%A4%E0%A7%81%E0%A6%A8-%E0%A6%AA%E0%A7%8D%E0%A6%B0%E0%A6%A7%E0%A6%BE%E0%A6%A8%E0%A6%AE%E0%A6%A8%E0%A7%8D%E0%A6%A4%E0%A7%8D%E0%A6%B0%E0%A7%80%E0%A6%95%E0%A7%87-%E0%A6%AF%E0%A7%87-%E0%A6%B6%E0%A6%B0%E0%A7%8D%E0%A6%A4-%E0%A6%A6%E0%A6%BF%E0%A6%B2-%E0%A6%B9%E0%A6%BE%E0%A6%AE%E0%A6%BE%E0%A6%B8,"ইসরায়েলের নতুন প্রধানমন্ত্রীকে যে শর্ত দিল হামাস","আন্তর্জাতিক ডেস্ক","আন্তর্জাতিক"," ১৪ জুন, ২০২১","N/A","ইসরায়েলের ক্ষমতায় পরিবর্তন হলেও ফিলিস্তিনিরা তাদের নিজেদের অধিকার আদায়ের সংগ্রাম থেকে বিন্দুমাত্র পিছু হটবে না বলে মন্তব্য করেছেন হামাস নেতা ইসমাইল রেদোয়ান। ইরানের গণমাধ্যম পার্সটুডে রোববার (১৩ জুন) নাফতালি বেনেত ইসরায়েলের প্রধানমন্ত্রী হিসেবে শপথ গ্রহণ করার পর তাৎক্ষণিক প্রতিক্রিয়ায় এ হুঁশিয়ারি উচ্চারণ করেছে হামাস।","ইসমাইল রেদোয়ান বলেন, ইসরায়েলের ক্ষমতায় যে ব্যক্তিই আসুক তাকে সবার আগে হামাসের সঙ্গে বন্দি বিনিময়ের দিকে মনোযোগ দিতে হবে। তিনি বলেন, নাফতালি বেনেতকে জানতে হবে বন্দি বিনিময়ের সঙ্গে গাজা উপত্যকার ওপর থেকে অবরোধ প্রত্যাহার বা এই উপত্যকার পুনর্গঠনের কোনো সম্পর্ক নেই।তিন আরও বলেন, ইসরায়েলের নতুন প্রধানমন্ত্রী যদি গাজায় আটক ইসরায়েলি বন্দিদের মুক্ত করার ব্যাপারে সত্যিই আন্তরিক হন তাহলে তাকে ফিলিস্তিনি প্রতিরোধ যোদ্ধাদের দাবি পুরোপুরি মেনে নিতে হবে।রোববার ৬০-৫৯ ভোটের ব্যবধানে ইসরায়েলি পার্লামেন্ট নেসেট নাফতালি বেনেতকে প্রধানমন্ত্রী নির্বাচিত করে। এর ফলে বেনিয়ামিন নেতানিয়াহুর ১২ বছরের শাসনের অবসান হয়।",0
https://somoynews.tv/news/2021-06-14/%E0%A6%95%E0%A6%AE%E0%A7%8D%E0%A6%AC%E0%A7%8B%E0%A6%A1%E0%A6%BF%E0%A7%9F%E0%A6%BE%E0%A6%B0-%E0%A6%B8%E0%A7%87%E0%A6%A8%E0%A6%BE%E0%A6%AC%E0%A6%BE%E0%A6%B9%E0%A6%BF%E0%A6%A8%E0%A7%80%E0%A6%A4%E0%A7%87-%E0%A6%AF%E0%A7%8B%E0%A6%97-%E0%A6%A6%E0%A6%BF%E0%A6%B2-%E0%A7%A8%E0%A7%A6%E0%A6%9F%E0%A6%BF-%E0%A6%87%E0%A6%81%E0%A6%A6%E0%A7%81%E0%A6%B0!,"কম্বোডিয়ার সেনাবাহিনীতে যোগ দিল ২০টি ইঁদুর!","আন্তর্জাতিক ডেস্ক","আন্তর্জাতিক"," ১৪ জুন, ২০২১","N/A","কম্বোডিয়ায় গৃহযুদ্ধের সময় বিপুল পরিমাণ স্থল মাইন পুঁতে রাখা হয়। ১৯৭৯ সাল থেকে এখন পর্যন্ত দেশটির স্থল মাইন বিস্ফোরণে নিহত হয়েছেন ৬৪ হাজারেরও বেশি মানুষ।","এ কারণে ইঁদুর দিয়ে মাইন অপসারণের কাজ করা হচ্ছে। সে লক্ষ্যে তানজানিয়া থেকে আমদানিকৃত ইঁদুরের ঘ্রাণশক্তি তীব্র হওয়ায় তাদের মাইন শনাক্তে কাজে লাগানো হচ্ছে।ইঁদুর দিয়ে মাইন অপসারণের বিষয়টি সফল হওয়ায় ২০১৬ সাল থেকেই স্থল মাইন অপসারণে ইঁদুর ব্যবহার করছে কম্বোডিয়া। সম্প্রতি স্বর্ণপদকজয়ী মাগাওয়াসহ বেশ কয়েকটি ইঁদুরকে অবসরে পাঠানোর পরই আরও ২০টি ইঁদুরকে নিয়োগ দেওয়া হয়েছে।এই সব  ইঁদুরের তদারককারী মালেন বলেন, কাজ শুরুর আগে আমরা বুঝতে পারিনি স্থল মাইন খোঁজার কাজটা ওরা এত ভালোভাবে করতে পারবে। ইঁদুরের অসাধারণ ঘাণশক্তি আছে যা আমাদের নেই। বেশির ভাগ ক্ষেত্রেই ওরা সঠিক ইঙ্গিত দেয়।কোম্বোডিয়ায় নতুন পুরনো মিলিয়ে মোট ৪৮টি ইদুর স্থল মাইন খোঁজার কাজ করছে। এদের প্রশিক্ষণ দিচ্ছে তানজানিয়ার অ্যাপোপো নামের একটি সংগঠন।সূত্র: ডয়েচে ভেলে",1
https://somoynews.tv/news/2021-06-14/%E0%A6%90%E0%A6%95%E0%A7%8D%E0%A6%AF%E0%A6%AC%E0%A6%A6%E0%A7%8D%E0%A6%A7-%E0%A6%87%E0%A6%B8%E0%A6%B0%E0%A6%BE%E0%A7%9F%E0%A7%87%E0%A6%B2-%E0%A6%97%E0%A7%9C%E0%A6%BE%E0%A6%B0-%E0%A6%A1%E0%A6%BE%E0%A6%95-%E0%A6%A6%E0%A6%BF%E0%A6%B2%E0%A7%87%E0%A6%A8-%E0%A6%A8%E0%A6%BE%E0%A6%AB%E0%A6%A4%E0%A6%BE%E0%A6%B2%E0%A6%BF-%E0%A6%AC%E0%A7%87%E0%A6%A8%E0%A7%87%E0%A6%A4,"ঐক্যবদ্ধ ইসরায়েল গড়ার ডাক দিলেন নাফতালি বেনেত","আন্তর্জাতিক ডেস্ক","আন্তর্জাতিক"," ১৪ জুন, ২০২১","N/A","জোট গড়ার অনুমোদনের পর প্রথম মন্ত্রিসভার বৈঠক করলেন প্রধানমন্ত্রী নাফতালি বেনেত। ডাক দিয়েছেন ঐক্যবদ্ধ ইসরায়েল গড়ার। আর এরমধ্য দিয়ে অবসান হলো বিনইয়ামিন নেতানিয়াহুর টানা ১২ বছরের শাসনের। নেতানিয়াহুর পতনের খবরে তেল আবিবের রাস্তায় উল্লাসে মেতে ওঠেন হাজার হাজার ইসরায়েলি।","সদ্য ক্ষমতা হারানো প্রধানমন্ত্রী বিন ইয়ামিন নেতানিয়াহুর পতনের খবরে তেল আবিবের রাস্তায় এভাবেই উল্লাসে মেতে ওঠেন হাজার হাজার ইসরায়েলি। ইসরায়েলের জাতীয় পতাকা হাতে নেচে গেচে বিজয় উদযাপন করেন তারা। করোনা মাহামারি নিয়ন্ত্রণে ব্যর্থতা ও দুর্নীতির অভিযোগে গত এক বছর ধরে নেতানিয়াহুর পদত্যাগের দাবিতে বিক্ষোভ করে আসছিলেন সাধারণ মানুষ। নেতানিয়াহুর এ পতন নিজেদের বিজয় হিসেবে আখ্যা দিয়েছেন আন্দোলনকারীরা।ইসরায়েলি পার্লামেন্ট নেসেটে জোট সরকার গড়ার অনুমোদনের পরপরই মন্ত্রিসভার বৈঠকে বসেন নতুন প্রধানমন্ত্রী নাফতালি বেনেত। ইসরায়েলিদের মধ্যে যে ভাঙন দেখা দিয়েছে তা সারিয়ে তোলার অঙ্গীকার করেন তিনি।নাফতালি বেনেট বলেন, আমরাই নতুন দিনের সারথী। ইসরাইলি নাগরিকরা আমাদের যেভাবে দেখতে চান আমরা সেটাই বাস্তবায়ন করব। ইসরায়েলিদের মধ্যে ঐক্য ফিরিয়ে আনাই আমাদের লক্ষ্য।এর আগে রোববার ইসরায়েলি পার্লামেন্ট নেসেটে অনুষ্ঠিত ভোটাভুটিতে হাড্ডাহাড্ডি লড়াইয়ে মাত্র এক ভোটের ব্যবধানে জোট সরকারের অনুমোদন পান নাফতালি বেনেত। এর মধ্য দিয়ে অবসান ঘটে বিন ইয়ামিন নেতানিয়াহুর টানা এক যুগ শাসনের।তিন মেয়াদে বিভিন্ন সময় নিরীহ ফিলিস্তিনিদের ওপর নির্যাতন চালানো নেতানিয়াহুকে ক্ষমতা থেকে সরাতে সম্প্রতি জোট বাঁধে একেবারেই বিপরীত আদর্শের বাম, ডান ও মধ্যপন্থি দলগুলো। ক্ষমতা ভাগাভাগি করার শর্তে আরব দলের সঙ্গেও আপোস করেন নেতানিয়াহুর একসময়ের শিষ্য ও নতুন প্রধানমন্ত্রী ইয়ামিনা দলের নাফতালি বেনেত।তবে প্রধানমন্ত্রী থেকে বিরোধী দলের প্রধান হিসেবে দায়িত্ব পালন করতে যাওয়া বিন ইয়ামিন নেতানিয়াহু আবারো ক্ষমতায় আসার অঙ্গীকার করেছেন। নেতানিয়াহু বলেন, আমাদের লিকুদ পার্টি আবারো ক্ষমতায় আসবে। যারা ডানপন্থি দলের জন্য ভোট দিয়েছেন সবাইকে ধন্যবাদ। নতুন সরকার ইসরায়েলের নিরাপত্তার জন্য চরম হুমকি।এর মধ্যেই, ক্ষমতা হারানোয় নেতানিয়াহুর বিরুদ্ধে দুর্নীতির অভিযোগ আবারো সুষ্ঠুভাবে তদন্তের দাবি উঠেছে।সূত্র: জেরুজালেম পোস্ট/রয়টার্স",1
https://somoynews.tv/news/2021-06-14/%E0%A6%9C%E0%A6%BF%E0%A7%AD-%E0%A6%B8%E0%A6%AE%E0%A7%8D%E0%A6%AE%E0%A7%87%E0%A6%B2%E0%A6%A8--%E0%A6%B0%E0%A6%BE%E0%A6%B6%E0%A6%BF%E0%A7%9F%E0%A6%BE%E0%A6%B0-%E0%A6%AC%E0%A6%BF%E0%A6%B0%E0%A7%81%E0%A6%A6%E0%A7%8D%E0%A6%A7%E0%A7%87-%E0%A6%95%E0%A6%A0%E0%A7%8B%E0%A6%B0-%E0%A6%AA%E0%A6%A6%E0%A6%95%E0%A7%8D%E0%A6%B7%E0%A7%87%E0%A6%AA-%E0%A6%A8%E0%A7%87%E0%A6%93%E0%A7%9F%E0%A6%BE%E0%A6%B0-%E0%A6%86%E0%A6%B9%E0%A7%8D%E0%A6%AC%E0%A6%BE%E0%A6%A8,"জি৭ সম্মেলন: রাশিয়ার বিরুদ্ধে কঠোর পদক্ষেপ নেওয়ার আহ্বান","আন্তর্জাতিক ডেস্ক","আন্তর্জাতিক"," ১৪ জুন, ২০২১","N/A","এমন এক সময় এসব আহ্বান এসেছে, যখন সবাই জেনেভায় বুধবারে রুশ প্রেসিডেন্ট ভ্লাদিমির পুতিনের সঙ্গে মার্কিন প্রেসিডেন্ট জো বাইডেনের বৈঠকের দিকে তাকিয়ে আছেন।","বিশ্বের বিভিন্ন দেশে সাইবার হামলা চালানোর দায়ে রাশিয়ার বিরুদ্ধে কঠোর ব্যবস্থা নেওয়ার আহ্বান জাানিয়েছে জি৭-এর নেতারা। শিল্পোন্নত দেশগুলোর এই জোটের বিবৃতিতে একইসঙ্গে রুশ মাটিতে রাসায়নিক অস্ত্রের ব্যবহারের ঘটনা তদন্তেরও দাবি জানানো হয়েছে।যুক্তরাজ্যের দক্ষিণপশ্চিমাঞ্চলীয় এলাকা কর্নওয়ালের কারবিস খাঁড়িতে জি৭ এর সম্মেলনের শেষে এক বিবৃতিতে এসব দাবির কথা বলা হয়েছে।-খবর এক্সিওসেরশুক্রবার থেকে রোববার (১৩ জুন) তিন দিন পর্যন্ত এ সম্মেলন অনুষ্ঠিত হয়েছে। এমন এক সময় এসব আহ্বান এসেছে, যখন সবাই জেনেভায় বুধবারে রুশ প্রেসিডেন্ট ভ্লাদিমির পুতিনের সঙ্গে মার্কিন প্রেসিডেন্ট জো বাইডেনের বৈঠকের দিকে তাকিয়ে আছেন।জি৭ নেতারা বলেন, নিজের মাটিতে রাশিয়ার রাসায়নিক অস্ত্র ব্যবহারের দ্রুত তদন্ত ও এই অস্ত্র ব্যবহারের বিশ্বাসযোগ্য ব্যাখ্যার দাবি জানাচ্ছি। একই সঙ্গে নিরপেক্ষ নাগরিক সমাজ, সংবাদমাধ্যমের ওপর পদ্ধতিগত দমনপীড়ন বন্ধ ও এ ঘটনায় দায়ীদের শনাক্ত করে শাস্তির আহ্বান করছি।এছাড়া রাশিয়া থেকে চালানো সাইবার হামলা ও অন্যান্য সাইবার অপরাধে জড়িতদের জবাবদিহিতার আওতায় নিয়ে আসারও জোর দাবি করা হয়েছে। এর আগে সম্মেলন থেকে নতুন মহামারি নিয়ন্ত্রণে একটি ঘোষণাপত্র প্রকাশ করা হয়েছে।কারবিস বে ডিক্লারেশন অন হেলথ নামের এই পরিকল্পনায় রোগনির্ণয়, চিকিৎসা, টিকা উদ্ভাবন ও অনুমোদনের সময়সীমা ১০০ দিনের মধ্যে নামিয়ে আনা, সম্ভাব্য সংক্রামক রোগের আবির্ভাবের ওপর নজরদারির জন্য বৈশ্বিক নেটওয়ার্কককে শক্তিশালী করা, জিনোম সিকোয়েন্সিংয়ে সক্ষমতা বাড়ানো, বিশ্ব স্বাস্থ্য সংস্থার সংস্কার ও তাকে শক্তিশালী করার বলা হয়েছে।
 ",0
https://somoynews.tv/news/2021-06-14/%E0%A6%87%E0%A6%B8%E0%A6%B0%E0%A6%BE%E0%A7%9F%E0%A7%87%E0%A6%B2%E0%A7%87%E0%A6%B0-%E0%A6%A8%E0%A6%A4%E0%A7%81%E0%A6%A8-%E0%A6%B8%E0%A6%B0%E0%A6%95%E0%A6%BE%E0%A6%B0%E0%A7%87%E0%A6%93-%E0%A6%AB%E0%A6%BF%E0%A6%B2%E0%A6%BF%E0%A6%B8%E0%A7%8D%E0%A6%A4%E0%A6%BF%E0%A6%A8%E0%A6%BF%E0%A6%A6%E0%A7%87%E0%A6%B0-%E0%A6%AD%E0%A6%BE%E0%A6%97%E0%A7%8D%E0%A6%AF%E0%A7%87-%E0%A6%AA%E0%A6%B0%E0%A6%BF%E0%A6%AC%E0%A6%B0%E0%A7%8D%E0%A6%A4%E0%A6%A8-%E0%A6%86%E0%A6%B8%E0%A6%AC%E0%A7%87-%E0%A6%A8%E0%A6%BE,"ইসরায়েলের নতুন সরকারেও ফিলিস্তিনিদের ভাগ্যে পরিবর্তন আসবে না","আন্তর্জাতিক ডেস্ক","আন্তর্জাতিক"," ১৪ জুন, ২০২১","N/A","গোটা পশ্চিমতীর দখল করতে মরিয়া বেনেটের দাবি, জর্ডান নদীর পশ্চিম তীর, পূর্ব জেরুজালেম এবং সিরিয়ার গোলান মালভূমি ধর্মীয় ও ঐতিহাসিকভাবেই ইসরায়েলের","ইসরায়েলের সরকার পরিবর্তন হলেও অত্যাচার-নির্যাতন থেকে মুক্তি মেলার কোনো আশা দেখছে না ফিলিস্তিনের স্বাধীনতাকামী সংগঠন হামাস।প্রতিরোধ আন্দোলনটির নেতারা বলছেন, দখলদার ইসরায়েলি বাহিনীর প্রতি তাদের আগে যে নীতি ছিল সেটিই বজায় থাকবে। তবে জোট সরকারে ইউনাইটেড আরব লিস্ট থাকায় ফিলিস্তিনিদের অধিকার রক্ষায় কিছুটা হলেও আশাবাদী ইসরায়েলে বসবাসরত ফিলিস্তিনিরা।এক যুগ ক্ষমতায় থাকা প্রধানমন্ত্রী বেনিয়ামিন নেতানিয়াহুকে হটিয়ে ক্ষমতা গ্রহণ করা নাফতালি বেনেট মূলত নেতানিয়াহুরই একসময়ের শীষ্য। নেতানিয়াহুর শাসনামলে বিভিন্ন সময় দফায় দফায় গাজায় হামলা চালিয়েছে ইসরায়েলি সেনারা। নিহত হয়েছেন হাজার হাজার ফিলিস্তিনি।নতুন সরকার ইসরায়েলের পরিবর্তনের ইঙ্গিত দিলেও গাজাবাসীর ভাগ্যের তেমন কোনো পরিবর্তনের আশা দেখছে না উপত্যকাটির স্বাধীনতাকামী সংগঠন হামাস।কেননা নেতানিয়াহুর চেয়েও কট্টর ও ফিলিস্তিনবিদ্বেষী নাফতালি বেনেট। হামাস নেতারা বলছেন, শুরুতেই বেনেট সরকারের নেওয়া পদক্ষেপ থেকেই পরিষ্কার হয়ে যাবে কেমন হতে যাচ্ছে ফিলিস্তিনিদের প্রতি তার আচরণ। তবে ইসরায়েলের প্রতি হামাসের নীতির এক বিন্দুও পরিবর্তন হবে না বলে সাফ জানিয়েছেন দলটির মুখপাত্র ফাউজি বারহুম।তিনি বলেন, ইসরায়েল যে ধরনের সরকারই গঠন করুক না কেন, তারা মূলত দখলদার একটি দেশ। তাই ফিলিস্তিনিদের ভূমি দখল চেষ্টা আমরা বরাবরের মতো রুখে দেব। যে কোনো ধরনের সশস্ত্র হামলার জবাব দিতেও আমরা প্রস্তুত। পবিত্র আল আকসা মসজিদ ও আমাদের ভূমি রক্ষায় আমরা আমাদের তৎপরতা চালিয়ে যাব। ফিলিস্তিনিদের রক্ত বৃথা যেতে দেব না।তবে জোট সরকারে ইসলামি আদর্শের দল ইউনাইটেড আরব লিস্ট থাকায় কিছুটা হলেও আশার আলো দেখছেন ইসরায়েলে বসবাসরত ফিলিস্তিনিরা।মসনদে যেতে আপাতত ইসরায়েলে ফিলিস্তিনিদের দল ইউনাইটেড আরব লিস্টের সঙ্গে আপস করলেও বাস্তবে দখলদারিত্ব বজায় রাখতে নেয়তানিয়াহুর চেয়েও অনেক বেশি সচেতন নাফতালি বেনেট।এই কট্টর নেতা মনে করেন ফিলিস্তিন রাষ্ট্র প্রতিষ্ঠা হলে পরিস্থিতি আরো জটিল হবে। গোটা পশ্চিমতীর দখল করতে মরিয়া বেনেটের দাবি, জর্ডান নদীর পশ্চিম তীর, পূর্ব জেরুজালেম এবং সিরিয়ার গোলান মালভূমি ধর্মীয় ও ঐতিহাসিকভাবেই ইসরায়েলের। প্রধানমন্ত্রীর দায়িত্ব নেওয়া নাফতালি বেনেট নেতানিয়াহুর মতো গাজার ভূমি দখলে মত্ত থাকবেন বলে আশঙ্কা করছেন মধ্যপ্রাচ্য বিশ্লেষকরা।",0
https://somoynews.tv/news/2021-06-14/%E0%A6%AC%E0%A7%87%E0%A6%A8%E0%A7%87%E0%A6%9F%E0%A6%95%E0%A7%87-%E0%A6%85%E0%A6%AD%E0%A6%BF%E0%A6%A8%E0%A6%A8%E0%A7%8D%E0%A6%A6%E0%A6%A8--%E0%A6%A8%E0%A7%87%E0%A6%A4%E0%A6%BE%E0%A6%A8%E0%A6%BF%E0%A7%9F%E0%A6%BE%E0%A6%B9%E0%A7%81%E0%A6%B0-%E0%A6%A8%E0%A6%BE%E0%A6%AE-%E0%A6%A8%E0%A7%87%E0%A6%A8%E0%A6%A8%E0%A6%BF-%E0%A6%AC%E0%A6%BE%E0%A6%87%E0%A6%A1%E0%A7%87%E0%A6%A8,"বেনেটকে অভিনন্দন, নেতানিয়াহুর নাম নেননি বাইডেন","আন্তর্জাতিক ডেস্ক","আন্তর্জাতিক"," ১৪ জুন, ২০২১","N/A","২০ জানুয়ারি প্রেসিডেন্ট হিসেবে শপথ নেওয়ার প্রায় এক মাস পর নেতানিয়াহুর সঙ্গে কথা বলেন বাইডেন।","ইসরায়েলের নতুন সরকারকে স্বাগত জানিয়েছেন মার্কিন প্রেসিডেন্ট জো বাইডেন। পাশাপাশি ইহুদিবাদী দেশটির নিরাপত্তার প্রতি অঙ্গীকার ব্যক্ত করেছেন।বেনিয়ামিন নেতানিয়াহুর এক যুগের শাসনের অবসান ঘটিয়ে রোববার (১৩ জুন) ইসরায়েলের নতুন সরকার গঠন করেছেন উগ্র ডানপন্থী নাফতালি বেনেট।-খবর রয়টার্সেরএক বিবৃতিতে নেতানিয়াহুর নাম উল্লেখ না করেই নাফতালি বেনেটের নেতৃত্বাধীন নতুন সরকারকে স্বাগত জানিয়েছেন বাইডেন। এ সময় মার্কিন-ইসরায়েল সম্পর্ক অটুট থাকার কথা পুনর্ব্যক্ত করেছেন তিনি।রোববার নাফতালি বেনেটকে ফোন দিয়ে তাকে অভিনন্দন জানিয়েছেন মার্কিন প্রেসিডেন্ট। আঞ্চলিক বিভিন্ন সুযোগ ও প্রতিকূলতার মুখে ইসরায়েল-যুক্তরাষ্ট্রের মধ্যকার সহযোগিতা আরও গভীর করার ইচ্ছা ব্যক্ত করেছেন তিনি।হোয়াইট হাউস জানিয়েছে, ইরানসহ আঞ্চলিক নিরাপত্তা সংশ্লিষ্ট বিষয়ে নিবিড়ভাবে আলোচনা করতে একমত হয়েছেন দুই নেতা।বিবৃতিতে বাইডেন বলেন, ইসরায়েলের নিরাপত্তা নিশ্চিত করতে যুক্তরাষ্ট্রের অবিচল সমর্থন অব্যাহত থাকবে। নিরাপত্তা, স্থিতিশীলতা, ইসরায়েল-ফিলিস্তিনের শান্তি এগিয়ে নিতে ইসরায়েলের নতুন সরকারের সঙ্গে কাজ করতে আমার প্রশাসন পরিপূর্ণ অঙ্গীকারাবদ্ধ।২০ জানুয়ারি প্রেসিডেন্ট হিসেবে শপথ নেওয়ার প্রায় এক মাস পর নেতানিয়াহুর সঙ্গে কথা বলেন বাইডেন।",1
https://somoynews.tv/news/2021-06-14/%E0%A6%AB%E0%A6%B0%E0%A6%BE%E0%A6%B8%E0%A6%BF-%E0%A6%9F%E0%A7%87%E0%A6%B2%E0%A6%BF%E0%A6%AD%E0%A6%BF%E0%A6%B6%E0%A6%A8%E0%A7%87%E0%A6%B0-%E0%A6%85%E0%A6%A8%E0%A7%81%E0%A6%AE%E0%A7%8B%E0%A6%A6%E0%A6%A8-%E0%A6%AC%E0%A6%BE%E0%A6%A4%E0%A6%BF%E0%A6%B2-%E0%A6%95%E0%A6%B0%E0%A7%87-%E0%A6%A6%E0%A6%BF%E0%A6%B2-%E0%A6%86%E0%A6%B2%E0%A6%9C%E0%A7%87%E0%A6%B0%E0%A6%BF%E0%A7%9F%E0%A6%BE,"ফরাসি টেলিভিশনের অনুমোদন বাতিল করে দিল আলজেরিয়া","আন্তর্জাতিক ডেস্ক","আন্তর্জাতিক"," ১৪ জুন, ২০২১","N/A","১৯৬২ সালে ফ্রান্সের কাছ থেকে স্বাধীন হওয়া আলজেরিয়ার শাসন ব্যবস্থার সংস্কারের দাবি আন্দোলনকারীদের","পার্লামেন্টারি নির্বাচনের একদিন পর সম্প্রচার মাধ্যম ফ্রান্স ২৪-এর সব অনুমোদন বাতিল করে দিয়েছে আলজেরিয়া। রোববার (১৩ জুন) উত্তর আফ্রিকার দেশটির যোগাযোগ মন্ত্রণালয় এমন ঘোষণা দিয়েছে।-খবর আলজেরিয়ারমন্ত্রণালয়ের মুখপাত্র আম্মার বেলহিমার বলেন, আমাদের সংবিধান ও প্রতিষ্ঠানগুলোর প্রতি স্যাটেলাইট সংবাদ চ্যানেলটি বারবার শত্রুতা প্রদর্শন করায় এই পদক্ষেপ নেওয়া হয়েছে।তিনি জানান, ফ্রান্স ২৪ সাংবাদিকতার রীতিনীতির প্রতি সম্মান দেখাতে ব্যর্থ হয়েছে। এটি গুজব ছড়ায় ও খবরের কারসাজি করে বেড়ায়। আলজেরিয়ার বিরুদ্ধে শত্রুতার বিষয়টি স্পষ্ট করে দিয়েছে টেলিভিশন নেটওয়ার্কটি।শুক্রবারের বিক্ষোভের খবর প্রকাশের ক্ষেত্রে গত ১৩ মার্চ ফ্রান্স ২৪-কে চূড়ান্ত সতর্কবার্তা দেওয়া হয়েছিল। আলজোরিয়ায় দীর্ঘদিন ধরে প্রতি শুক্রবার নিয়ম করে সরকারবিরোধী বিক্ষোভ হয়ে আসছে।২০১৯ সালে দেশটির সাবেক প্রেসিডেন্ট আবদেল আজিজ বুটেফ্লিকার পদত্যাগের পরেও বিক্ষোভ-প্রতিবাদ অব্যাহত রয়েছে। ১৯৬২ সালে ফ্রান্সের কাছ থেকে স্বাধীন হওয়া আলজেরিয়ার শাসন ব্যবস্থার সংস্কারের দাবি আন্দোলনকারীদের।রোববার এক বিবৃতিতে ফ্রান্সের সরকারি সম্প্রচার মাধ্যমটি জানিয়েছে, এই উদ্যোগ নেওয়ার পেছনে কোনো ব্যাখ্যা না পাওয়ায় আমরা অবাক হয়েছি। আমরা আলজেরিয়ার খবর স্বচ্ছ, স্বাধীন ও সততার সঙ্গে প্রচার ও প্রকাশ করেছি।এ নিয়ে ফরাসি সরকারের কোনো বক্তব্য পাওয়া যায়নি। সাবেক উপনিবেশের সঙ্গে ফ্রান্সের সম্পর্ক ভালো যাচ্ছে না। রিপোর্টার্স উইদাউট বর্ডার্সের ২০২০ সালের বৈশ্বিক গণমাধ্যম সূচকে ১৮০টি দেশ ও অঞ্চলের মধ্যে ১৪৬ নম্বরে রেখেছে আলজোরিয়াকে।",0
https://somoynews.tv/news/2021-06-14/%E0%A6%AC%E0%A6%BF%E0%A6%B6%E0%A7%8D%E0%A6%AC%E0%A7%87%E0%A6%B0-%E0%A6%B8%E0%A6%AC%E0%A6%9A%E0%A7%87%E0%A7%9F%E0%A7%87-%E0%A6%AC%E0%A7%9C-%E0%A6%AA%E0%A6%B0%E0%A6%BF%E0%A6%AC%E0%A6%BE%E0%A6%B0%E0%A7%87%E0%A6%B0-%E0%A6%97%E0%A7%83%E0%A6%B9%E0%A6%95%E0%A6%B0%E0%A7%8D%E0%A6%A4%E0%A6%BE-%E0%A6%AE%E0%A6%BE%E0%A6%B0%E0%A6%BE-%E0%A6%97%E0%A7%87%E0%A6%9B%E0%A7%87%E0%A6%A8,"বিশ্বের সবচেয়ে বড় পরিবারের গৃহকর্তা মারা গেছেন","আন্তর্জাতিক ডেস্ক","আন্তর্জাতিক"," ১৪ জুন, ২০২১","N/A","তার সন্তান, স্ত্রী ও নাতি-নাতনিরা একই ভবনের বিভিন্ন কক্ষে বসবাস করতেন। কিন্তু তাদের রান্না ঘর ছিল একই।","ভারতের মিজোরামের জিওনা চানা ৩৮ স্ত্রী, ৮৯ সন্তান ও ৩৩ নাতি-নাতনি রেখে মারা গেছেন। তাকে বিশ্বের সবচেয়ে বড় পরিবারের কর্তা বলে মনে করা হতো। তার বয়স হয়েছিল ৭৬ বছর।এক টুইট বার্তায় তার মৃত্যুর খবর নিশ্চিত করেছেন মিজোরামের মুখ্যমন্ত্রী জোরামথাঙ্গা। তিনি বলেন, জিওনা চানা পরিবারের কারণে মিজোরাম ও জিওনার গ্রাম বাকতাওয়াং তালাংনুয়াম বড় ধরনের পর্যটন কেন্দ্রে পরিণত হয়েছিল।-খবর এনডিটিভিরতিনি বলেন, অত্যন্ত দুঃখভরা হৃদয় নিয়ে স্থানীয় বাসিন্দারা তাকে বিদায় জানাচ্ছেন। ৩৮ স্ত্রী ও ৮৯ সন্তান নিয়ে তিনি বিশ্বের সবচেয়ে বড় পরিবারের কর্তা ছিল বলে আমরা মনে করছি। স্বর্গে তিনি ভালো থাকুন।দিল্লিভিত্তিক এনডিটিভি জানিয়েছে, রোববার (১৩ জুন) স্থানীয় সময় বিকাল ৩টায় আইজাওয়ালের ত্রিনিটি হাসপাতালে শেষ নিঃশ্বাস ত্যাগ করেন। ডায়াবেটিস ও উচ্চ রক্তচাপে ভুগছিলেন তিনি।চানা পওলা নামের একটি ধর্মীয় গোষ্ঠীর প্রধান ছিলেন জিওনা। তারা বহুবিবাহে বিশ্বাসী।১৯৪৫ সালের ২১ জুলাই তার জন্ম হয়েছিল। তার প্রথম বিয়ে হয়েছিল মাত্র ১৭ বছর বয়সে। পুরো পরিবার নিয়ে চুয়ান থর রান নামের একটি চারতলা ভবনে থাকতেন।নামটির অর্থ করলে দাঁড়ায়, নতুন প্রজন্মের বাড়ি। পাহাড়ি অঞ্চলের বাড়িটিতে ১০০টি কক্ষ রয়েছে। বার্তা সংস্থা রয়টার্স জানিয়েছে, তার সন্তান, স্ত্রী ও নাতি-নাতনিরা একই ভবনের বিভিন্ন কক্ষে বসবাস করতেন। কিন্তু তাদের রান্না ঘর ছিল একই।",0
https://somoynews.tv/news/2021-06-14/%E0%A6%9A%E0%A7%80%E0%A6%A8-%E0%A6%AE%E0%A6%BE%E0%A6%B0%E0%A6%BE%E0%A6%A4%E0%A7%8D%E0%A6%AE%E0%A6%95%E0%A6%AD%E0%A6%BE%E0%A6%AC%E0%A7%87-%E0%A6%B8%E0%A6%BE%E0%A6%AE%E0%A6%B0%E0%A6%BF%E0%A6%95-%E0%A6%B8%E0%A6%95%E0%A7%8D%E0%A6%B7%E0%A6%AE%E0%A6%A4%E0%A6%BE-%E0%A6%AC%E0%A6%BE%E0%A7%9C%E0%A6%BE%E0%A6%9A%E0%A7%8D%E0%A6%9B%E0%A7%87--%E0%A6%AE%E0%A6%BE%E0%A6%B0%E0%A7%8D%E0%A6%95%E0%A6%BF%E0%A6%A8-%E0%A6%9C%E0%A7%87%E0%A6%A8%E0%A6%BE%E0%A6%B0%E0%A7%87%E0%A6%B2,"চীন মারাত্মকভাবে সামরিক সক্ষমতা বাড়াচ্ছে: মার্কিন জেনারেল","আন্তর্জাতিক ডেস্ক","আন্তর্জাতিক"," ১৪ জুন, ২০২১","N/A","যুক্তরাষ্ট্রের শীর্ষ জেনারেল মার্ক মিল্লিই বলেছেন, মারাত্মকভাবে সামরিক সক্ষমতা বাড়াচ্ছে চীন, যা অব্যাহত রয়েছে।","যুক্তরাষ্ট্রের শীর্ষ জেনারেল মার্ক মিল্লিই বলেছেন, মারাত্মকভাবে সামরিক সক্ষমতা বাড়াচ্ছে চীন, যা অব্যাহত রয়েছে।বৃহস্পতিবার (১০ জুন) কংগ্রেসের সিনেটে দেওয়া এক শুনানিতে তিনি এমন দাবি করেছেন। এতে বৈশ্বিক স্থিতিশীলতা ও শান্তি ক্রমাগত ঝুঁকিতে বলেও হুশিয়ারি দেন এই জেনারেল।ব্রিটিশ বার্তা সংস্থা রয়টার্স এ খবর দিয়েছে। যুক্তরাষ্ট্রের জয়েন্ট চিফস অব স্টাফের প্রধান সামরিক বাহিনীর জেনারেল মার্ক মিল্লি বলেন, আমাদের অত্যাধুনিক প্রযুক্তিগত সক্ষমতা ও প্রতিযোগিতা বজায় রাখা নিশ্চিত করতে হবে।গত কয়েক বছর ধরে মার্কিন জাতীয় নিরাপত্তা নীতির কেন্দ্রবিন্দুতে রাখতে দেখা গেছে চীনকে। বিতর্কিত দক্ষিণ চীন সাগরের তৎপরতা, মানবাধিকার ও তাইওয়ান নিয়ে দুই দেশের মধ্যে দ্বন্দ্বও অব্যাহত রয়েছে।
 ",0
https://somoynews.tv/news/2021-06-14/%E0%A6%B8%E0%A7%8C%E0%A6%A6%E0%A6%BF-%E0%A6%86%E0%A6%B0%E0%A6%AC%E0%A7%87%E0%A6%B0-%E0%A6%B8%E0%A7%8D%E0%A6%95%E0%A7%81%E0%A6%B2%E0%A7%87-%E0%A6%A1%E0%A7%8D%E0%A6%B0%E0%A7%8B%E0%A6%A8-%E0%A6%B9%E0%A6%BE%E0%A6%AE%E0%A6%B2%E0%A6%BE,"সৌদি আরবের স্কুলে ড্রোন হামলা","আন্তর্জাতিক ডেস্ক","আন্তর্জাতিক"," ১৪ জুন, ২০২১","N/A","হুতি বিদ্রোহীরা এই হামলা চালিয়েছে।","সৌদি আরবের আসের প্রদেশের একটি বিদ্যালয়ের ওপর বিস্ফোরকবোঝাই ড্রোন হামলা হয়েছে। তবে এতে কোনো হতাহতের ঘটনা ঘটেনি।দেশটির রাষ্ট্রীয় বার্তা সংস্থা এসপিএ’র বরাতে রোববার (১৩ জুন) রয়টার্স এমন খবর দিয়েছে।এতে বলা হয়, বেসামরিক নিরাপত্তা কর্তৃপক্ষের কাছে খবর এসেছে যে ইয়েমেন থেকে পাঠানো একটি ড্রোন আসের প্রদেশের একটি স্কুলে পড়েছে। হুতি বিদ্রোহীরা এই হামলা চালিয়েছে।",0
https://somoynews.tv/news/2021-06-14/%E0%A6%87%E0%A6%B8%E0%A6%B0%E0%A6%BE%E0%A7%9F%E0%A7%87%E0%A6%B2%E0%A7%87%E0%A6%B0-%E0%A6%A8%E0%A6%A4%E0%A7%81%E0%A6%A8-%E0%A6%AA%E0%A7%8D%E0%A6%B0%E0%A6%A7%E0%A6%BE%E0%A6%A8%E0%A6%AE%E0%A6%A8%E0%A7%8D%E0%A6%A4%E0%A7%8D%E0%A6%B0%E0%A7%80-%E0%A6%A8%E0%A6%BE%E0%A6%AB%E0%A6%A4%E0%A6%BE%E0%A6%B2%E0%A6%BF-%E0%A6%AC%E0%A7%87%E0%A6%A8%E0%A7%87%E0%A6%9F,"ইসরায়েলের নতুন প্রধানমন্ত্রী নাফতালি বেনেট","আন্তর্জাতিক ডেস্ক","আন্তর্জাতিক"," ১৪ জুন, ২০২১","N/A","ইসরায়েলের প্রধানমন্ত্রী হিসেবে বেনিয়ামিন নেতানিয়াহুর ১২ বছরের শাসনের অবসান হয়েছে। রোববার (১৩ জুন) নাফতালি বেনেটের নেতৃত্বাধীন নতুন সরকারের অনুমোদন দিয়েছে দেশটির পার্লামেন্ট।","ইসরায়েলের প্রধানমন্ত্রী হিসেবে বেনিয়ামিন নেতানিয়াহুর ১২ বছরের শাসনের অবসান হয়েছে। রোববার (১৩ জুন) ইসরায়েলি পার্লামেন্টে নেসেটে এক ভোটে হেরে যান নেতানিয়াহু।ইহুদিবাদী দেশটির ৮ দলের বিরোধী জোট সংখ্যাগরিষ্ঠতা পেয়ে সরকার গঠন করছে। নতুন প্রধানমন্ত্রী হয়েছেন ইয়ামিনা পার্টির নাফতালি বেনেট। নেতানিয়াহুর ক্ষমতা চলে যাওয়ার খবরে পার্লামেন্টের বাইরে বিজয়োল্লাস করেন সাধারণ ইসরায়েলিরা।বেনিয়ামিন নেতানিয়াহুর শাসনের টানা এক যুগের অবসান। তাও তুমুল হাড্ডাহাড্ডি লড়াইয়ের মাধ্যমে। ইসরায়েলি পার্লামেন্ট নেসেটে অনুষ্ঠিত ভোটাভুটিতে বিনিয়ামিন নেতানিয়াহুর পক্ষে ভোট পড়ে ৫৯টি। অন্যদিকে নতুন জোট সরকার গড়ার পক্ষে ৬০টি ভোট পড়ে।নেসেটের অধিবেশন শুরু হওয়ার পর নেতানিয়াহুর পাশাপাশি বিরোধী জোটের দুই নেতা নাফতালি বেনেট ও ইয়ার লাপিড বক্তব্য দেন। এরপর ভোটে বিরোধী জোটের পক্ষে রায় আসে। শুরু হয় সরকার গঠন প্রক্রিয়া।তিন মেয়াদে বিভিন্ন সময় নিরীহ ফিলিস্তিনিদের ওপর নির্যাতন চালানো নেতানিয়াহুকে ক্ষমতা থেকে সরাতে সম্প্রতি জোট বাঁধে একেবারেই বিপরীত আদর্শের বাম, ডান ও মধ্যপন্থি দলগুলো।ক্ষমতা ভাগাভাগি করার শর্তে আরব দলের সঙ্গেও আপোস করেন নেতানিয়াহুর এক সময়ের শীষ্য ও নতুন প্রধানমন্ত্রী ইয়ামিনা দলের নাফতালি বেনেট। ইসরায়েলি গণমাধ্যম জেরুজালেম পোস্টের খবরে বলা হয়, ইতিমধ্যে জোট সরকারের প্রধানমন্ত্রী হিসেবে শপথ নিয়েছেন নাফতালি বেনেট।তবে প্রধানমন্ত্রী থেকে বিরোধী দলের প্রধান হিসেবে দায়িত্ব পালন করতে যাওয়া নেতানিয়াহু আবারো ক্ষমতায় আসার অঙ্গীকার করেছেন।তিনি বলেন, আমাদের লিকুদ পার্টি আবারো ক্ষমতায় আসবে। যারা ডানপন্থী দলের জন্য ভোট দিয়েছেন, সবাইকে ধন্যবাদ। নতুন সরকার ইসরায়েলের নিরাপত্তার জন্য চরম হুমকি।নেতানিয়াহুর পতনের খবরে পার্লামেন্টের বাইরে বিজয় উল্লাসে ফেটে পড়েন সাধারণ ইসরায়েলিরা। জাতীয় পতাকা হাতে নেচে গেচে বিজয় উদযাপন করেন তারা। করোনা মাহামারি নিয়ন্ত্রণে ব্যর্থতা ও দুর্নীতির অভিযোগে গেল এক বছর ধরে নেতানিয়াহুর পদত্যাগের দাবিতে বিক্ষোভ করে আসছিলেন সাধারণ মানুষ। নেতানিয়াহুর এ পতন নিজেদের বিজয় হিসেবে আখ্যা দিয়েছেন আন্দোলনকারীরা।",0
https://somoynews.tv/news/2021-06-13/%E0%A6%AC%E0%A6%B0%E0%A6%BF%E0%A6%B8%E0%A6%95%E0%A7%87-%E0%A6%AC%E0%A6%BE%E0%A6%87%E0%A6%A1%E0%A7%87%E0%A6%A8%E0%A7%87%E0%A6%B0-%E0%A6%AC%E0%A6%BE%E0%A6%87%E0%A6%B8%E0%A6%BE%E0%A6%87%E0%A6%95%E0%A7%87%E0%A6%B2-%E0%A6%89%E0%A6%AA%E0%A6%B9%E0%A6%BE%E0%A6%B0,"বরিসকে বাইসাইকেল উপহার দিলেন বাইডেন","আন্তর্জাতিক ডেস্ক","আন্তর্জাতিক"," ১৩ জুন, ২০২১","N/A","বরিস জনসনের সাইকেলপ্রীতির কথা সবার জানা। বিভিন্ন সময় লন্ডনের পথে তাকে সাইকেলে চেপে চলতে দেখা যায়।","মার্কিন প্রেসিডেন্ট হিসেবে ক্ষমতা গ্রহণের পর প্রথম বিদেশ সফরে যুক্তরাজ্যে রয়েছেন বাইডেন। শিল্পোন্নত ও ধনী দেশগুলোর জোট জি–৭–এর শীর্ষ সম্মেলনে অংশ নিতেই তার এ সফর। সেখানেই বরিস জনসনকে বাইসাইকেল উপহার দিয়েছেন জো বাইডেন।ব্রিটিশ সংবাদমাধ্যম বিবিসির প্রতিবেদনে বলা হয়, জনসনের জন্য এই সাইকেলটি তৈরি করেছে ফিলাডেলফিয়ার ছোট একটি প্রতিষ্ঠান। নীলের ওপর লাল–সাদা রঙের মিশেলে যুক্তরাষ্ট্র ও যুক্তরাজ্যের পতাকার আবহ ফুটিয়ে তোলা হয়েছে এতে। সঙ্গে রয়েছে একই রঙের হেলমেট। তাতে দুই দেশের পতাকার ছবি রয়েছে।বরিস জনসনের সাইকেলপ্রীতির কথা সবার জানা। বিভিন্ন সময় লন্ডনের পথে তাকে সাইকেলে চেপে চলতে দেখা যায়। বাইডেনও জনসনের এমন আগ্রহের কথা জানেন। হয়তো এ জন্য জনসনের পছন্দের জিনিস হিসেবে বাইসাইকেল উপহার দিলেন  বাইডেন।গত শুক্রবার যুক্তরাজ্যের কর্নওয়েলে জি–৭ বৈঠকে সাক্ষাৎ হয়েছে বাইডেন ও জনসনের।এদিকে যুক্তরাষ্ট্রের গণমাধ্যমের প্রতিবেদনে বলা হয়েছে, সাইকেলটি তৈরি করেছে মার্কিন প্রতিষ্ঠান বিলেঙ্কি সাইকেল ওয়ার্কস। প্রতিষ্ঠানটির মালিক স্টিফেন বিলেঙ্কি গত ২৩ মে যুক্তরাষ্ট্রের পররাষ্ট্র মন্ত্রণালয়কে হেলমেটসহ সাইকেলটি হস্তান্তর করেন।এটির বাজারমূল্য ৪ হাজার ৫০০ ডলার। তবে বাইডেন প্রশাসনকে সেটি তিন ভাগের এক ভাগ দামে (১ হাজার ৫০০ ডলারে) দিয়েছে প্রতিষ্ঠানটি।স্টিফেন বিলেঙ্কি গণমাধ্যমকে জানিয়েছেন, তিনি তার প্রতিষ্ঠানের সুনাম বাড়ানোর জন্য বাইডেন প্রশাসনের কাছ থেকে সাইকেলটির ক্রয়াদেশ নিয়েছিলেন।",0
https://somoynews.tv/news/2021-06-13/%E0%A6%8F%E0%A6%87-%E0%A6%98%E0%A6%A3%E0%A7%8D%E0%A6%9F%E0%A6%BE%E0%A6%9F%E0%A6%BF%E0%A6%87-%E0%A6%AC%E0%A6%BF%E0%A6%B6%E0%A7%8D%E0%A6%AC%E0%A7%87%E0%A6%B0-%E0%A6%B6%E0%A7%8D%E0%A6%B0%E0%A7%81%E0%A6%A4%E0%A6%BF%E0%A6%AE%E0%A6%A7%E0%A7%81%E0%A6%B0-%E0%A6%98%E0%A6%A3%E0%A7%8D%E0%A6%9F%E0%A6%BE--%E0%A6%86%E0%A7%9C%E0%A6%BE%E0%A6%B2%E0%A7%87-%E0%A6%AE%E0%A6%B0%E0%A7%8D%E0%A6%AE%E0%A6%BE%E0%A6%A8%E0%A7%8D%E0%A6%A4%E0%A6%BF%E0%A6%95-%E0%A6%87%E0%A6%A4%E0%A6%BF%E0%A6%B9%E0%A6%BE%E0%A6%B8,"এটাই বিশ্বের শ্রুতিমধুর ঘণ্টা, আড়ালে মর্মান্তিক ইতিহাস!","ফাতেমা অ্যানি","আন্তর্জাতিক"," ১৩ জুন, ২০২১","N/A","চীনের সম্রাট ইয়ংলুর শাসনকালে তিনি ‘তা চুং সু' মন্দিরের জন্য এক বিরাট ঘণ্টা নির্মাণের পরিকল্পনা করেন।","প্রায় ৪০ টন ওজনের ধাতবের বিশাল এক ঘণ্টা। তার ওপরে আবার ভারী কারুকাজের ছড়াছড়ি। সুন্দর এই ঘণ্টাই বিশ্বের সবচেয়ে সুন্দর ও শ্রুতিমধুর ঘণ্টা যা রয়েছে চীনের বেইজিংয়ে।কথিত আছে ১৭৩৩ সালে সম্রাট ইয়ংলুর শাসন আমলে সুবিশাল এই ঘণ্টাটি নির্মাণ করা হয়েছিল। সম্রাটকে শ্রদ্ধা জানিয়ে তার নামানুসারেই মন্দিরের ভেতর বড় ঘণ্টাটির নামকরণ করা হয় ‘ইয়ংলু'। ঘণ্টাটির উচ্চতা ৫.৫ মিটার ও ব্যাস ৩.৩ মিটার।শুধু বিরাট আকৃতির জন্যই নয় মন্দিরের এই বড় ঘণ্টাটি যখন বাজে তখন ১২০ ডেসিবল পর্যন্ত শব্দ তৈরি করতে পারে। রাতের দিকে ৫০ কিলোমিটার দূর থেকেও শোনা যায় এই ঘণ্টাধ্বনি। মনে করা হয়, এই ঘণ্টাটিই বিশ্বের শ্রুতিমধুর ঘণ্টা।এমন মন কেড়ে নেওয়া মিষ্টি শব্দ পৃথিবীর আর কোনও ঘণ্টাতেই নাকি শুনতে পাওয়া যায়না। নেহাত জনশ্রুতি নয়, রীতিমতো পরীক্ষা নীরিক্ষার পর এই ঘণ্টার শব্দকে শ্রুতিমধুর বলে আখ্যা দিয়েছেন অনেক ধ্বনি বিশারদই।কিন্তু এই আশ্চর্য ঘণ্টার মধুর ধ্বনির পেছনে আজও করুণ সুরে বাজে এক মর্মান্তিক ইতিহাস। চীনের সম্রাট ইয়ংলুর শাসনকালে তিনি ‘তা চুং সু' মন্দিরের জন্য এক বিরাট ঘণ্টা নির্মাণের পরিকল্পনা করেন। আর এজন্য তিনি ২০০ কারিগরের মধ্যে থেকে বেছে নেন বেইজিং শহরের সেরা কারিগর 'ওং চাং ছি'কে।সম্রাটের শর্ত একটাই। ঘণ্টা হতে হবে প্রকাণ্ড আর তার আওয়াজ হতে হবে যেমন জোরালো তেমনই শ্রুতিমধুর। কয়েকমাস কাজ শেষে 'ওং চাং ছি' বিশাল এক ঘণ্টা তৈরি করলেন। অপূর্ব কারুকার্য নির্মিত সেই ঘণ্টাটি পর পর দুবার বানানোর পরও সম্রাটের ঘণ্টার ধ্বনি পছন্দ হয় না। তৃতীয়বার রাজা রেগে কারিগরসহ তার পরিবারকে হত্যার হুমকি দিলেন।কারিগর আবারও কাজে নামলেন, তবে এবার এক জ্যোতিষী তাকে জানালেন, মন্দিরে কুমারী মেয়ে বলি দিলেও ঘণ্টার শব্দ শ্রুতিমধুর হবে। কিন্তু এ কথা কারিগরের বিশ্বাস না হলেও তার ১২ বছরের মেয়ে সেটা ঠিকই বিশ্বাস করেছিলেন। তাই তো পরিবারের জীবন রক্ষায় ঘণ্টা তৈরির বিরাট চুল্লিতে গনগনে আগুনে ছাপ দিয়ে নিজেকে বিসর্জন করে যান তিনি। এরপর অবশ্য ঘণ্টাতে শ্রুতিও ফিরে এসেছিল, আবার রাজাও সেই ঘণ্টা পছন্দ করেছিলেন।এর অনেক বছর পর এই বিস্ময়কর ঘণ্টার ধাতব গুণ পরীক্ষা করতে গিয়ে গবেষকেরা দেখেন যে তাতে কাঁসা, সোনা তামা এবং ফসফরাস মেশানো হয়েছিল একদম সঠিক অনুপাতে, সম্ভবত এর ফলেই আরও মধুর হয়ে উঠেছিল ঘণ্টাধ্বনি।ঐতিহাসিকেরা এই ধারণাও করেন যে প্রথম দুবার ওং চাং বাকি সবকিছুর মিশ্রণ ঠিক বানালেও হয়তো ফসফরাস মেশাতে ভুলে গেছিলেন। এর একটা বৈজ্ঞানিক ব্যাখ্যাও তারা দিয়েছিলেন।মানবদেহে প্রচুর পরিমাণে ফসফরাস থাকে। মানুষের শরীরে হাড় আর দাঁতে এই ফসফরাসের পরিমাণ প্রায় ৮৫ শতাংশ। ফলে ওং চাং-এর মেয়ে যখন আগুনে ঝাঁপ দেয় তখন তার দেহের হাড়ের মধ্যে থাকা ফসফরাস বাকি যৌগগুলোর সাথে মিশে যায়।তবে, লোহার সংমিশ্রণে ফসফরাস খুব কম পরিমাণেই লাগে তাও অতো বড়ো ঘণ্টা তৈরিতে ওই সামান্য ফসফরাস কি আদৌ কোনও ভূমিকা নিয়েছিল?তবে ঘটনা যাই হোক একথা সত্যি যে ওই শেষবারের তৈরি সেই ঘণ্টাই আজ ইতিহাস হয়ে বেঁচে আছে ‘দা জোং' মন্দিরপ্রাঙ্গণে। সুমধুর সুরে সেই ঘণ্টা যখন বাজে কেউ কি শুনতে পায় ১২ বছরের এক ছোট্ট মেয়ের মৃত্যুচিৎকার?",0
https://somoynews.tv/news/2021-06-13/%E0%A6%8F%E0%A6%87-%E0%A6%97%E0%A7%8D%E0%A6%B0%E0%A6%BE%E0%A6%AE%E0%A7%87%E0%A6%B0-%E0%A6%95%E0%A7%87%E0%A6%89%E0%A6%87-%E0%A6%95%E0%A6%BE%E0%A6%A8%E0%A7%87-%E0%A6%B6%E0%A7%81%E0%A6%A8%E0%A7%87-%E0%A6%A8%E0%A6%BE--%E0%A6%95%E0%A6%A5%E0%A6%BE-%E0%A6%AC%E0%A6%B2%E0%A7%87-%E0%A6%87%E0%A6%B6%E0%A6%BE%E0%A6%B0%E0%A6%BE%E0%A7%9F!,"যে গ্রামের সবাই কথা বলে ইশারায়!","ফাতেমা অ্যানি","আন্তর্জাতিক"," ১৩ জুন, ২০২১","N/A","গ্রামের কেউই শুনতে পান না কানে। নিজেদের মধ্যে ভাব বিনিময়ের জন্য তারা ব্যবহার করেন বিশেষ সাংকেতিক ভাষা।","পৃথিবীর আনাচে-কানাচে ছড়িয়ে-ছিটিয়ে আছে বিচিত্র সব বিষয়। ইন্দোনেশিয়ার বালিতে এমনই এক গ্রাম রয়েছে যারা মনের ভাব শব্দ দিয়ে নয় ইশারায় প্রকাশ করে।গ্রামটিতে তিন হাজার মানুষের বসবাস। গোটা গ্রামটাই খুবই দরিদ্র। গ্রামের সমস্যা একটাই এখানে কেউই শুনতে পান না। তবে নিজেদের মধ্যে ভাব বিনিময়ের জন্য তারা ব্যবহার করেন এক বিশেষ সাংকেতিক ভাষা।বালি দ্বীপ থেকে উত্তরে অবস্থিত এই গ্রামটির নাম বেংকালা। গ্রামটি ‘বধিরদের গ্রাম’ নামে পরিচিত। গ্রামের বাসিন্দারা পশুপালন এবং কৃষিকাজ করে জীবিকা নির্বাহ করেন এছাড়াও এখানে বর্তমানে পর্যটন শিল্পের বিকাশ ঘটেছে।ভাবছেন যারা কানে শুনতে পান না তারা কী করে পর্যটকদের সঙ্গে কথা বলেন? এদের যে সাংকেতিক ভাষা রয়েছে তা হলো ‘কাতা কোলক’। এই সাংকেতিক ভাষায় এখন এই গ্রামের অন্যতম ঐতিহ্য হয়ে দাঁড়িয়েছে।ছোট থেকে প্রতিটি শিশুই যারা মূলত বধির হয় তারা এই ভাষায় কথা বলতে শেখে। তবে এখন গ্রামটি উন্নত হচ্ছে তাই তারা নিজেদের সাংকেতিক ভাষা ছাড়াও বিভিন্ন আন্তর্জাতিক ভাষাও রপ্ত করছে যাতে বিদেশি পর্যটকদের সঙ্গেও ভাব বিনিময় করতে পারে।এদের একটি বিশেষ আকর্ষণ হলো নৃত্য। এটিকে বলা হয় ‘জাঞ্জের কোলক’। তবে গ্রামের বেশিরভাগ বাসিন্দাদের মধ্যে এই সমস্যা দেখা দেওয়ার কারণ কী?বিজ্ঞানীরা এই নিয়ে গবেষণা করেছেন। গবেষণায় তারা জানান, গ্রামবাসীদের সকলের মধ্যেই একটি জিনগত সমস্যা রয়েছে। এই সমস্যাটিকে তারা বলেছেন ডিএফএনবি থ্রি। এর মানে, তাদের সবার শোনার ক্ষমতা বা শ্রবণ শক্তি খুবই কম হয়ে পড়ছে। আর কম শুনতে পাওয়াও তারা কথার বদলে সাংকেতিক চিহ্নই ব্যবহার করে আসছে।",0
https://somoynews.tv/news/2021-06-13/%E0%A6%A4%E0%A6%B2%E0%A7%8B%E0%A7%9F%E0%A6%BE%E0%A6%B0-%E0%A6%A6%E0%A6%BF%E0%A7%9F%E0%A7%87-%E0%A6%95%E0%A7%87%E0%A6%95-%E0%A6%95%E0%A6%BE%E0%A6%9F%E0%A6%B2%E0%A7%87%E0%A6%A8-%E0%A6%B0%E0%A6%BE%E0%A6%A8%E0%A7%80-%E0%A6%8F%E0%A6%B2%E0%A6%BF%E0%A6%9C%E0%A6%BE%E0%A6%AC%E0%A7%87%E0%A6%A5--%E0%A6%AD%E0%A6%BF%E0%A6%A1%E0%A6%BF%E0%A6%93-,"তলোয়ার দিয়ে কেক কাটলেন রানি এলিজাবেথ (ভিডিও)","আন্তর্জাতিক ডেস্ক","আন্তর্জাতিক"," ১৩ জুন, ২০২১","N/A","স্বামী ফিলিপসের মৃত্যুর পর দ্বিতীয়বার জনসম্মুখে এলেন রানি এলিজাবেথ","যুক্তরাজ্যের কর্নওয়ালের ইডেন প্রজেক্টে ‘দ্য বিগ লাঞ্চ’ উৎসবে বিশাল কেক উপস্থাপন করা হয় রানির সামনে। এরপর রানি ছুরির পরিবর্তে তলোয়ার দিয়েই কেক কেটেছেন।ভিডিওতে দেখা যায়, কর্নওয়ালের লর্ড লেফটেন্যান্ট অ্যাডওয়ার্ড বলিথো রানি দ্বিতীয় এলিজাবেথের হাতে একটি তলোয়ার তুলে দেন। সেই তলোয়ার দিয়ে কেক কাটেন রানি এলিজাবেথ।অনুষ্ঠানে উপস্থিত ছিলেন ডাচেস অব কর্নওয়াল ক্যামিলা এবং ডাচেস অব কেমব্রিজ কেট উইলিয়াম।শুক্রবারের (১১ জুন) ওই অনুষ্ঠানে স্বামী ফিলিপসের মৃত্যুর পর দ্বিতীয়বার জনসম্মুখে আসলেন রানি এলিজাবেথ।",1
https://somoynews.tv/news/2021-06-13/%E0%A6%AC%E0%A7%8B%E0%A6%A8%E0%A6%95%E0%A7%87-%E0%A6%AC%E0%A6%BE%E0%A6%81%E0%A6%9A%E0%A6%BE%E0%A6%A4%E0%A7%87-%E0%A6%AD%E0%A6%97%E0%A7%8D%E0%A6%A8%E0%A6%BF%E0%A6%AA%E0%A6%A4%E0%A6%BF%E0%A6%95%E0%A7%87-%E0%A6%AE%E0%A7%87%E0%A6%B0%E0%A7%87-%E0%A6%A8%E0%A6%A6%E0%A7%80%E0%A6%A4%E0%A7%87-%E0%A6%AD%E0%A6%BE%E0%A6%B8%E0%A6%BF%E0%A6%AF%E0%A6%BC%E0%A7%87-%E0%A6%A6%E0%A6%BF%E0%A6%B2-%E0%A6%AD%E0%A6%BE%E0%A6%87,"বোনকে বাঁচাতে ভগ্নিপতিকে মেরে নদীতে ভাসাল ভাই","আন্তর্জাতিক ডেস্ক","আন্তর্জাতিক"," ১৩ জুন, ২০২১","N/A","বিপ্তি কান্নাজড়িত কণ্ঠে বলেন, 'আমার ভাইকে যেন পুলিশ ক্ষমা করে দেয়।'","ভারতের পশ্চিমবঙ্গে বোনের সংসারে অশান্তি মেটাতে গিয়ে ভাইয়ের হাতে খুন হয়েছেন ভগ্নিপতি। এরপর সেই মরদেহ পার্শ্ববর্তী নদীতে ফেলে দেওয়া হয়েছে। শনিবার (১২ জুন) মালবাজার মহকুমার ওদলাবাড়ি বাবুজোত এলাকায় এ ঘটনা ঘটে। মৃতের নাম রাজকুমার ওঁরাও (৩৭)। আর অভিযুক্ত ভাইয়ের নাম অনিল ওঁরাও।মৃতের স্ত্রী বিপ্তি ওঁরাও (২৭) বলেন, আমার স্বামী, রাজকুমার ওঁরাও প্রতিদিন মদপান করে এসে অশান্তি করতেন। আমাকে ও ছেলেমেয়েকে মারধর করতেন। আমরা খুব অশান্তিতে ছিলাম। শনিবার রাতেও উনি মদ্যপান করে এসে আমাকে এবং মেয়েকে  মারধর করেন। আর সহ্য করতে না পেরে আমি আমার ভাই অনিল ওঁরাওকে ডাকি এবং ওঁকে বোঝাতে বলি।এরপর ভাই আসেন এবং আমার স্বামীকে অনেক বোঝান। কিন্তু তিনি কোনও ভাবেই বুঝতে চাইছিলেন না। এরপর ভাইয়ের সঙ্গে ওঁর ঝগড়া বাধে। কথায় কথায় ভাই ক্ষিপ্ত হয়ে আমার স্বামীর গলায় গেঞ্জি পেঁচিয়ে ধরেন। এর জেরে আমার স্বামী শ্বাসরুদ্ধ হয়ে মারা যান। রাতেই ওঁর দেহ বাড়ির পাশে ঘিস নদীতে ফেলে দেওয়া হয়।এরপর বিপ্তি কান্নাজড়িত কণ্ঠে বলেন, 'আমার ভাইকে যেন পুলিশ ক্ষমা করে দেয়।'মালবাজার থানার আই সি সুজিত লামা জানান, মৃতদেহ উদ্ধার হয়েছে। অভিযুক্তকে গ্রেপ্তারও করা হয়েছে। ঘটনার তদন্ত চলছে। 
এদিন মৃতদেহ ময়না তদন্তের জন্য জলপাইগুড়িতে পাঠিয়েছে পুলিশ। সূত্র: জি২৪ ঘণ্টা",0
https://somoynews.tv/news/2021-06-13/%E0%A6%AD%E0%A7%82%E0%A6%AE%E0%A6%A7%E0%A7%8D%E0%A6%AF%E0%A6%B8%E0%A6%BE%E0%A6%97%E0%A6%B0-%E0%A6%A5%E0%A7%87%E0%A6%95%E0%A7%87-%E0%A7%A7%E0%A7%AC%E0%A7%AA-%E0%A6%AC%E0%A6%BE%E0%A6%82%E0%A6%B2%E0%A6%BE%E0%A6%A6%E0%A7%87%E0%A6%B6%E0%A6%BF-%E0%A6%89%E0%A6%A6%E0%A7%8D%E0%A6%A7%E0%A6%BE%E0%A6%B0,"ভূমধ্যসাগর থেকে ১৬৪ বাংলাদেশি উদ্ধার","আন্তর্জাতিক ডেস্ক","আন্তর্জাতিক"," ১৩ জুন, ২০২১","N/A","চলতি বছর ভূমধ্যসাগরে ৮১৩ অভিবাসনপ্রত্যাশীর মৃত্যু হয়েছে","অবৈধভাবে লিবিয়া থেকে ইউরোপে যাওয়ার পথে ভূমধ্যসাগরে ৪৩৯ অভিবাসনপ্রত্যাশীকে উদ্ধার করা হয়েছে। তাদের মধ্যে ১৬৪ জন বাংলাদেশি রয়েছেন।রোববার (১৩ জুন) লিবিয়ায় বাংলাদেশ দূতাবাসের এক কর্মকর্তা সংবাদমাধ্যমকে এ তথ্য নিশ্চিত করেছেন।লিবিয়ার কোস্টগার্ড গত বৃহস্পতিবার (১০ জুন) পৃথক দুটি উদ্ধার অভিযান চালিয়ে তাদের উদ্ধার ও আটক করে। অভিবাসনপ্রত্যাশীরা আফ্রিকা ও এশিয়ার বিভিন্ন দেশের নাগরিক।লিবিয়ার নৌবাহিনীর চিফ অব স্টাফের এক মুখপাত্র সংবাদমাধ্যমকে জানান, তাদের দুটি উদ্ধারকারী জাহাজ এই অভিযানে অংশ নেয়। রাবারের তৈরি ডিঙিতে ওই অভিবাসনপ্রত্যাশীরা ইউরোপের উপকূলের দিকে যাওয়ার চেষ্টা করছিলেন। তাদেরকে লিবিয়ার ত্রিপোলির নৌঘাঁটিতে আনা হয়। পরে তাদের লিবিয়ার অবৈধ অভিবাসন প্রতিরোধ-বিষয়ক কর্তৃপক্ষের কাছে হস্তান্তর করা হয়।প্রসঙ্গত, চলতি বছর সমুদ্র থেকে ৯ হাজারের বেশি অভিবাসনপ্রত্যাশীকে উদ্ধার করেছে লিবিয়ার কোস্টগার্ড। এই অভিবাসনপ্রত্যাশীরা সমুদ্রপথে ইউরোপে যাওয়ার চেষ্টা করছিলেন। আর গত বছর উদ্ধার করা হয় ৭ হাজারের বেশি অভিবাসনপ্রত্যাশীকে।আন্তর্জাতিক অভিবাসন সংস্থার (আইওএম) তথ্য অনুসারে, চলতি বছর ভূমধ্যসাগরে ৮১৩ জন অভিবাসনপ্রত্যাশীর মৃত্যু হয়েছে।",0
https://somoynews.tv/news/2021-06-13/%E0%A6%8F%E0%A6%B8%E0%A6%BF-%E0%A6%9B%E0%A6%BE%E0%A6%A1%E0%A6%BC%E0%A6%BE%E0%A6%87-%E0%A6%A0%E0%A6%BE%E0%A6%A8%E0%A7%8D%E0%A6%A1%E0%A6%BE-%E0%A6%A5%E0%A6%BE%E0%A6%95%E0%A7%87-%E0%A6%AE%E0%A6%B0%E0%A7%81%E0%A6%AD%E0%A7%82%E0%A6%AE%E0%A6%BF%E0%A6%B0-%E0%A6%AE%E0%A6%BE%E0%A6%9D%E0%A7%87-%E0%A6%A5%E0%A6%BE%E0%A6%95%E0%A6%BE-%E0%A6%8F%E0%A6%87-%E0%A6%B8%E0%A7%8D%E0%A6%95%E0%A7%81%E0%A6%B2!,"এসি ছাড়াই ঠাণ্ডা থাকে মরুভূমির এই স্কুল!","আন্তর্জাতিক ডেস্ক","আন্তর্জাতিক"," ১৩ জুন, ২০২১","N/A","বালিপাথর দিয়ে স্কুলটি তৈরি করায় কার্বন অনেক কম নির্গত হয়। ফলে স্কুল এবং স্কুলের আশপাশের পরিবেশ তুলনামূলক অনেক ঠাণ্ডা। প্রাকৃতিক নিয়মে মরুভূমি রাতে ঠাণ্ডা এবং দিনে গরম হয়ে যায়। কিন্তু স্কুলের গঠন এমনভাবেই করা যাতে রাতের ঠাণ্ডা হাওয়া দিনভর স্কুলের ভেতরে আটকে থাকে। ফলে বাইরের থেকে অনেকটাই আলাদা স্কুলের ভেতরের তাপমাত্রা।","যে দিকে চোখ যায় সে দিকে শুধুই বালু। গরম হাওয়ায় তিল ধারণের জো নেই। তার মাঝেই চলছে পড়াশোনা। মরুভূমির মাঝে স্কুল, ব্যাপারটি কখনও ভেবে দেখেছেন! ভাবনাতেও যেন গরম হাওয়া গায়ে ছ্যাঁকা দিয়ে যাচ্ছে। অথচ বাস্তবেও রয়েছে এমনই এক স্কুল।তাও আবার কোনও শীতাতপ নিয়ন্ত্রণ যন্ত্র ছাড়াই। স্কুলটিতে এতটাই বিজ্ঞানের ব্যবহার হয়েছে যে খোলামেলা পরিবেশে পড়াশোনা করেও গরম হাওয়া উপেক্ষা করা যায় সহজেই।রাজস্থানের থর মরুভূমির মাঝে দাঁড়িয়ে রয়েছে বালিপাথরের তৈরি এই অত্যাধুনিক পরিকাঠামো। মরুভূমির মাঝে এই পরিকাঠামো দেখে যে কেউ বিস্মিত হতে পারেন। আসলে এটি মেয়েদের একটি স্কুল!স্কুলটির নাম রাজকুমারী রত্নাবতী গার্লস স্কুল। স্থানীয় হলুদ বালিপাথর দিয়ে তৈরি হয়েছে স্কুলটি। স্কুলটিতে কোনও শীতাতপ নিয়ন্ত্রিত যন্ত্র নেই। তা সত্ত্বেও বাইরের এবং ভেতরের তাপমাত্রার আকাশ-পাতাল পার্থক্য। স্কুল ক্যাম্পাসের ভেতরের মাঠে শিক্ষার্থীরা নিশ্চিন্তে খেলাধুলোও করতে পারবে।স্কুলটিকে তৈরি করেছে আমেরিকার একটি বেসরকারি অলাভজনক সংস্থা। অনেক খুঁজে রাজস্থানের থর মরুভূমির এই জায়গাটিকে চিহ্নিত করে ওই সংস্থা। ২০১০ সালে প্রথম এ রকম একটি স্কুল তৈরির পরিকল্পনা করেন ওই সংস্থার প্রতিষ্ঠাতা মাইকেল দৌবে। তার জন্য দীর্ঘ সময় রাজস্থানে কাটিয়েছেন তিনি। সেখানকার সংস্কৃতি, পরিবেশ গভীরভাবে বুঝেছেন।এলাকার রাজনৈতিক নেতা এবং সরকারি স্তরে অনেক আলাপ-আলোচনার পরই এই স্কুলের অনুমতি পান তিনি। স্কুলটি কিন্ডারগার্টেন থেকে দশম শ্রেণি পর্যন্ত।বলা চলে, এই অঞ্চলের বেশিরভাগ শিক্ষার আলো থেকে বঞ্চিত। মেয়েদের শিক্ষার হার একেবারে তলানিতে ঠেকেছে। সেই অবস্থা কাছ থেকে উপলব্ধি করার পর মাইকেল চেয়েছিলেন এমন একটি স্কুল করতে যা সারা ভারতে নজির তৈরি করবে। যে স্কুলে ভর্তি হলে গর্ববোধ করবেন অভিভাবকেরা। যে স্কুল শুধুমাত্র পুঁথিগত বিদ্যাই দেবে না বরং এই অঞ্চলের সংস্কৃতিকেও তুলে ধরবে।স্কুলটি ডিম্বাকার। চারদিক দিয়ে ঘেরা স্কুলের মাঝখানে ফাঁকা খেলার মাঠ। ছাদে এবং মাঠের উপর অর্থাৎ পুরো স্কুল ক্যাম্পাস জুড়েই রয়েছে সোলার প্যানেল। একদিকে যেমন এই সোলার প্যানেল বিদ্যুতের জোগান দেয় তেমন মাঠে ছায়া দেয়। যার নিচে নিশ্চিন্তে খেলাধুলা করতে পারবে শিক্ষার্থীরা।বালিপাথর দিয়ে স্কুলটি তৈরি করায় কার্বন অনেক কম নির্গত হয়। ফলে স্কুল এবং স্কুলের আশপাশের পরিবেশ তুলনামূলক অনেক ঠাণ্ডা। প্রাকৃতিক নিয়মে মরুভূমি রাতে ঠাণ্ডা এবং দিনে গরম হয়ে যায়। কিন্তু স্কুলের গঠন এমনভাবেই করা যাতে রাতের ঠাণ্ডা হাওয়া দিনভর স্কুলের ভিতরে আটকে থাকে। ফলে বাইরের থেকে অনেকটাই আলাদা স্কুলের ভেতরের তাপমাত্রা।স্কুলের ভেতরের দেওয়াল চুন দিয়ে প্লাস্টার করা। এটিও ইনসুলেটরের কাজ করে। ফলে শীতাতপ নিয়ন্ত্রণ যন্ত্র ছাড়াই স্কুলের ভেতরের পরিবেশ তুলনামূলক ঠাণ্ডা রাখা যায়।স্কুলটির বাইরের দিকের দেওয়ালে কোনও জানালা নেই। সব জানলাই ভিতরের মাঠের দিকে। তাই হাওয়ার সঙ্গে বালি উড়ে স্কুলের ভেতরে ঢোকার উপায় নেই।২০১৮ সালে স্কুল তৈরির কাজ শুরু হয়। ১ বছরের মধ্যেই সেটি সম্পূর্ণ হয়ে যায়। এই স্কুলটিকে পর্যটকদের কাছেও আকর্ষণীয় করে গড়ে তোলা হয়েছে। তবে পুরোপুরি তৈরি হয়ে গেলেও স্কুলটিতে এখনও সে ভাবে পড়াশোনা চালু করা যায়নি মহামারির কারণে। চলতি বছরে শুরু করা যাবে বলেই আশাবাদী মাইকেল।
 ",0
https://somoynews.tv/news/2021-06-13/%E0%A6%9A%E0%A7%80%E0%A6%A8%E0%A7%87-%E0%A6%97%E0%A7%8D%E0%A6%AF%E0%A6%BE%E0%A6%B8-%E0%A6%B2%E0%A6%BE%E0%A6%87%E0%A6%A8-%E0%A6%AC%E0%A6%BF%E0%A6%B8%E0%A7%8D%E0%A6%AB%E0%A7%8B%E0%A6%B0%E0%A6%A3%E0%A7%87-%E0%A6%A8%E0%A6%BF%E0%A6%B9%E0%A6%A4-%E0%A7%A7%E0%A7%A7,"চীনে গ্যাসলাইন বিস্ফোরণে নিহত ১১","আন্তর্জাতিক ডেস্ক","আন্তর্জাতিক"," ১৩ জুন, ২০২১","N/A","চীনের হুবেই প্রদেশের শিহান শহরে গ্যাসলাইন বিস্ফোরণে কমপক্ষে ১১ জন নিহত হয়েছে।","রোববার (১৩ জুন) স্থানীয় সময় সকাল সাড়ে ৬টার দিকে এ দুর্ঘটনা ঘটে।দেশটির রাষ্ট্রীয় সংবাদমাধ্যম সিসিটিভির বরাত দিয়ে কর্তৃপক্ষ বলছে, ঘটনাস্থল থেকে ১০০ জনকে উদ্ধার করা হয়েছে। এর মধ্যে ৩৭ জনের অবস্থা আশঙ্কাজনক।স্থানীয় সরকারের পক্ষ থেকে বলা হয়েছে, বিস্ফোরণে হতাহতের পাশাপাশি ধ্বংসস্তূপে অনেকে আটকে পড়েছিলেন।বিস্ফারণের কারণ অনুসন্ধান করা হচ্ছে বলে জানানো হয়েছে। সূত্র: সিএনএন। ",0
https://somoynews.tv/news/2021-06-13/%E0%A6%95%E0%A6%B0%E0%A7%8B%E0%A6%A8%E0%A6%BE-%E0%A6%A8%E0%A6%BF%E0%A6%B7%E0%A7%87%E0%A6%A7%E0%A6%BE%E0%A6%9C%E0%A7%8D%E0%A6%9E%E0%A6%BE-%E0%A6%AD%E0%A6%BE%E0%A6%99%E0%A7%8D%E0%A6%97%E0%A6%BE%E0%A7%9F-%E0%A6%AC%E0%A7%8D%E0%A6%B0%E0%A6%BE%E0%A6%9C%E0%A6%BF%E0%A6%B2%E0%A7%87%E0%A6%B0-%E0%A6%AA%E0%A7%8D%E0%A6%B0%E0%A7%87%E0%A6%B8%E0%A6%BF%E0%A6%A1%E0%A7%87%E0%A6%A8%E0%A7%8D%E0%A6%9F%E0%A7%87%E0%A6%B0-%E0%A6%9C%E0%A6%B0%E0%A6%BF%E0%A6%AE%E0%A6%BE%E0%A6%A8%E0%A6%BE,"করোনা নিষেধাজ্ঞা ভাঙায় ব্রাজিলের প্রেসিডেন্টের জরিমানা","আন্তর্জাতিক ডেস্ক","আন্তর্জাতিক"," ১৩ জুন, ২০২১","N/A","মহামারি করোনাভাইরাসে বিপর্যস্ত পৃথিবীতে ক্ষতিগ্রস্ত দেশের তালিকায় তৃতীয় ব্রাজিল। এদিকে করোনা নিষেধাজ্ঞা ভঙ্গ করে মোটরসাইকেল নিয়ে মিছিল বের করেছেন প্রেসিডেন্ট জাইর বলসোনারো।"," বার্তা সংস্থা রয়টার্স জানায়,  এ কারণে প্রেসিডেন্ট, তার ছেলে ও একজন মন্ত্রীকে জারিমানা করা হয়েছে।রয়টার্স জানায়, শনিবার সাও পাওলো শহরে সরকারি নির্দেশ না মেনে বড় পরিসরে মোটরসাইকেল র‍্যালি বের করেন বলসোনারো। প্রেসিডেন্ট ও তার ছেলেসহ দেশটির অবকাঠামো মন্ত্রী টারকিসিও গোমসকে ১০৮ ডলার জরিমানা করা হয়েছে। ওই মিছিলে অন্তত ১২ হাজার মোটরসাইকেল অংশ নেয়।এ বিষয়ে সাও পাওলোর গভর্নর জোওয়াও ডোরিয়া মনে করেন, তার দেশের প্রেসিডেন্টের উপযুক্ত শাস্তি হওয়া উচিত। সেখানকার গভর্নর ব্রাজিলের রাজনীতিতে প্রধান বিরোধী হিসেবে বেশ জনপ্রিয়। এ ছাড়া  এ ধরনের আচরণকে দায়িত্বহীন বলে উল্লেখ করেছেন সাও পাওলোর গভর্নর। 
 ",0
https://somoynews.tv/news/2021-06-13/%E0%A7%A7%E0%A7%A6-%E0%A6%AC%E0%A6%9B%E0%A6%B0%E0%A7%87%E0%A6%B0-%E0%A6%95%E0%A6%BE%E0%A6%B0%E0%A6%BE%E0%A6%A6%E0%A6%A3%E0%A7%8D%E0%A6%A1-%E0%A6%B9%E0%A6%A4%E0%A7%87-%E0%A6%AA%E0%A6%BE%E0%A6%B0%E0%A7%87-%E0%A6%A8%E0%A7%87%E0%A6%A4%E0%A6%BE%E0%A6%A8%E0%A6%BF%E0%A7%9F%E0%A6%BE%E0%A6%B9%E0%A7%81%E0%A6%B0,"১০ বছরের কারাদণ্ড হতে পারে নেতানিয়াহুর","আন্তর্জাতিক ডেস্ক","আন্তর্জাতিক"," ১৩ জুন, ২০২১","N/A","দুর্নীতির অভিযোগে ১০ বছরের কারাদণ্ড হতে পারে ইসরায়েলের বিদায়ী প্রধানমন্ত্রী বেনিয়ামিন নেতানিয়াহুর। ইসরায়েলের ডেমোক্রেসি রিসার্চ সেন্টারের সংবিধানবিষয়ক আইনজীবী আমির ফুক্স বরাতে এ তথ্য জানিয়েছে ইরানের গণমাধ্যম পার্সটুডে।","শনিবার (১২ জুন) ইসরায়েলের রাজধানী তেল আবিবে আমির ফুক্স বলেন, দুর্নীতি, তহবিল তছরুপ ও প্রতারণার অভিযোগে ২০২০ সালের মে মাস থেকে আদালতে নেতানিয়াহুর বিচার চলছে। প্রধানমন্ত্রীর দায়িত্বে থাকার কারণে এত দিন আইনি দায়মুক্তি থাকায় তাকে আটক করা যাচ্ছিল না। কিন্তু ক্ষমতা চলে যাওয়ার পর তার শাস্তি ভোগ অবধারিত হয়ে যাবে।  ফুক্স আরও বলেন, গত দুই বছর ধরে এই প্রশ্ন সামনে ছিল যে, নেতানিয়াহু নিজেকে বিচারের ঊর্ধ্বে রাখার জন্য কি সংবিধান সংশোধন করবেন? কিন্তু এত দিন তিনি তা করেননি এবং শিগগিরই ক্ষমতা চলে যাওয়ার পর তিনি আইনি দায়মুক্তি হারাবেন। তার বিরুদ্ধে যেসব অভিযোগ রয়েছে তাতে তার সর্বোচ্চ ১০ বছরের কারাদণ্ড হতে পারে।ইসরায়েলের পাবলিক প্রসিকিউটর নেতানিয়াহুর বিরুদ্ধে দুর্নীতির একাধিক মামলায় তিনটি চার্জশিট দিয়েছেন। ২০০৯ সাল থেকে একটানা ইসরায়েলের প্রধানমন্ত্রীর দায়িত্বে থাকা নেতানিয়াহু এ পর্যন্ত নিজের বিচারকাজকে ভিন্নখাতে প্রবাহিত করার জন্য ব্যাপক প্রচেষ্টা চালিয়েছেন।মঙ্গলবার ইসরায়েলের সংসদ স্পিকার ইয়েরিভ লেভিন এক টুইটে বলেছেন, নানা জল্পনা-কল্পনার অবসান ঘটিয়ে অবশেষে নেতানিয়াহুর ১২ বছরের শাসনের সমাপ্তি ঘটতে যাচ্ছে।  রোববার (১৩ জুন) নাফতালি বেনেট এবং ইয়ার লাপিদের নেতৃত্বাধীন নতুন ঐক্যের সরকার শপথ নেবে বলে জানিয়েছে আন্তর্জাতিক গণমাধ্যমগুলো। আর এ সরকার গঠিত হয়ে নেতানিয়াহুর ১২ বছরের শাসনের অবসান হবে বলে জানিয়েছে তারা। ",0
https://somoynews.tv/news/2021-06-13/%E0%A6%AD%E0%A6%BE%E0%A6%99%E0%A6%BE%E0%A6%B0-%E0%A6%96%E0%A7%87%E0%A6%B2%E0%A6%BE%E0%A6%B0-%E0%A6%AE%E0%A6%BE%E0%A6%B8%E0%A7%8D%E0%A6%9F%E0%A6%BE%E0%A6%B0%E0%A6%AE%E0%A6%BE%E0%A6%87%E0%A6%A8%E0%A7%8D%E0%A6%A1-%E0%A6%86%E0%A6%AC%E0%A6%BE%E0%A6%B0-%E0%A6%95%E0%A7%87%E0%A6%A8-%E0%A6%A4%E0%A7%83%E0%A6%A3%E0%A6%AE%E0%A7%82%E0%A6%B2%E0%A7%87!,"ভাঙা খেলার মাস্টারমাইন্ড আবার কেন তৃণমূলে!","সুব্রত আচার্য","আন্তর্জাতিক"," ১৩ জুন, ২০২১","N/A","মুকল রায় বিজেপি ছেড়ে তৃণমূলে যোগ দেওয়ার পর থেকে পশ্চিমবঙ্গের রাজনীতিতে শুরু হয়েছে নানারকম আলোচনা। ২০১৭ সালের পর মুকুল রায় তৃণমূল ভাঙার খেলায় মাস্টারমাইন্ড হওয়া সত্ত্বেও তৃণমূলে ফিরে আসা নিয়ে উঠছে নানা প্রশ্ন।","ভারতীয় জনতা পার্টির সর্বভারতীয় সহসভাপতি ছিলেন মুকুল রায়। ২০১১ সালে তৃণমূল কংগ্রেস ক্ষমতায় আসার পেছনে নন্দীগ্রাম-সিঙ্গুর আন্দোলন অক্সিজেন জোগালেও, দলীয় স্তরের রাজনীতিতে ঝামেলা পাকিয়েছিলেন মুকুল রায়। পশ্চিমবঙ্গ রাজ্যে মুকুল রায়কে তাই রাজনীতির চাণক্য হিসেবেও মনে করা হয়। সেই মুকুল রায় প্রায় পৌনে চার বছর বিজেপির সঙ্গে ঘর করে, আবার ফিরলেন তার নিজের ঘর তৃণমূলে। কিন্তু কেন মুকুল রায় ফের তৃণমূলে? আর কেনইবা তিনি বিজেপি ছাড়লেন?মনে করা হয়, মুকুলের সামনে নারদা-সারদার আইনি কাঁটা ছিল। ফলে কেন্দ্রের শাসক দল বিজেপির সঙ্গে পেরে উঠতে পারেননি তিনি। যোগ দিতে হয়েছে সেই দলে। যদিও বিজেপি এখন বলছে, সহসভাপতির পদ দিয়ে পুরস্কৃত করা হলেও দলে তার তেমন কোনও ভূমিকেই ছিল না।এবারের ভোটে বিজেপির হয়ে বাংলায় মুখ থুবড়ে পড়া মুকুল রায়, আবার তৃণমূলে ফিরে সেই প্রতিশোধ নেবেন বলেই মনে করছেন অনেকে। যদিও এ বিষয় নিয়ে সাধারণ মানুষের মধ্যে রয়েছে মিশ্র প্রতিক্রিয়া।২০১৭ সালের পর থেকে তৃণমূল ছেড়ে মুকুলের হাত ধরে যেসব শীর্ষ নেতা বিজেপিতে ভিড়েছিলেন, তাদের মধ্যে কতজন আবার মুকুলের হাত ধরেই মমতা শিবিরে ফিরবেন- এখন সেই প্রশ্নও উঠছে।",0
https://somoynews.tv/news/2021-06-13/%E0%A6%A6%E0%A7%81%E2%80%99%E0%A6%AE%E0%A6%BE%E0%A6%B8%E0%A7%87-%E0%A6%AD%E0%A6%BE%E0%A6%B0%E0%A6%A4%E0%A7%87-%E0%A6%B8%E0%A6%B0%E0%A7%8D%E0%A6%AC%E0%A6%A8%E0%A6%BF%E0%A6%AE%E0%A7%8D%E0%A6%A8-%E0%A6%B8%E0%A6%82%E0%A6%95%E0%A7%8D%E0%A6%B0%E0%A6%AE%E0%A6%A3--%E0%A6%89%E0%A6%A6%E0%A7%8D%E0%A6%AC%E0%A7%87%E0%A6%97-%E0%A6%AC%E0%A6%BE%E0%A7%9C%E0%A6%BE%E0%A6%9A%E0%A7%8D%E0%A6%9B%E0%A7%87-%E0%A6%AE%E0%A7%83%E0%A6%A4%E0%A7%8D%E0%A6%AF%E0%A7%81,"২ মাসে সর্বনিম্ন সংক্রমণ ভারতে, উদ্বেগ বাড়াচ্ছে মৃত্যু","আন্তর্জাতিক ডেস্ক","আন্তর্জাতিক"," ১৩ জুন, ২০২১","N/A","রোববার দেশটিতে মৃত্যু হয়েছে ৩ হাজার ৩০৩ জনের। ফলে দেশটিতে এখন পর্যন্ত ৩ লাখ ৭০ হাজার ৩৮৪ জনের মৃত্যু হয়েছে।","করোনাভাইরাাসে বিপর্যস্ত ভারতে সংক্রমণ বৃদ্ধিতে কিছুটা রাশ টানা গেলেও মৃত্যু এখনও উদ্বেগ বাড়াচ্ছে। যদিও একদিনের ব্যবধানে দৈনিক মৃত্যু অনেকটাই কমেছে। তবুও উদ্বেগ কমেনি। কারণ মৃত্যুর সংখ্যাটা এখনও তিন হাজারের উপরেই রয়েছে। শনিবার এই সংখ্যা চার হাজারের বেশি ছিল। অন্যদিকে কমেছে নতুন শনাক্ত রোগী ও সক্রিয় রোগীর সংখ্যাও।রোববার (১৩ জুন) সকালে কেন্দ্রীয় স্বাস্থ্য মন্ত্রণালয়ের প্রকাশ করা পরিসংখ্যানে দেয়া যায়, গত ২৪ ঘণ্টায় ভারতে নতুন করে সংক্রমিত হয়েছেন ৮০ হাজার ৮৩৪ জন। গত ২ এপ্রিলের পর এই প্রথম দৈনিক সংক্রমণ এতটা কমল। বর্তমানে ভারতে মোট আক্রান্তের সংখ্যা ২ কোটি ৯৪ লাখ ৩৯ হাজার ৯৮৯।রোববার দেশটিতে মৃত্যু হয়েছে ৩ হাজার ৩০৩ জনের। ফলে দেশটিতে এখন পর্যন্ত ৩ লাখ ৭০ হাজার ৩৮৪ জনের মৃত্যু হলো।পরীক্ষা বাড়ানো এবং দেশটির সিংহভাগ নাগরিককে টিকার আওতায় আনা গেলে তবেই মহামারি ঠেকানো সম্ভব হবে বলে শুরু থেকেই বলে আসছেন স্বাস্থ্য বিশেষজ্ঞরা। তবে দেশে করোনা পরীক্ষা ওঠানামা করছেই। গত বৃহস্পতি ও শুক্রবার দৈনিক নমুনা পরীক্ষা ২০ লাখের উপরে থাকলেও, শনিবার তা নেমে ১৯ লাখ ২০ হাজার ৪৭৭ তে দাঁড়িয়েছে। রোববার তা আরও কমে হয়েছে ১৯ লাখ ৩১২।",0
https://somoynews.tv/news/2021-06-13/%E0%A6%86%E0%A6%AC%E0%A6%BE%E0%A6%B0%E0%A7%8B-%E0%A6%89%E0%A6%A4%E0%A7%8D%E0%A6%A4%E0%A6%AA%E0%A7%8D%E0%A6%A4-%E0%A6%95%E0%A6%BE%E0%A6%B6%E0%A7%8D%E0%A6%AE%E0%A7%80%E0%A6%B0,"আবারও উত্তপ্ত কাশ্মীর","আন্তর্জাতিক ডেস্ক","আন্তর্জাতিক"," ১৩ জুন, ২০২১","N/A","করোনা মহামারির মধ্যেই আবারও উত্তপ্ত ভারত নিয়ন্ত্রিত জম্মু-কাশ্মীর। অঞ্চলটিতে হঠাৎ করে বেড়ে গেছে সন্ত্রাসী হামলা। শনিবার কাশ্মীরের সোপর শহরে পুলিশকে লক্ষ্য করে হামলা চালায় অস্ত্রধারীরা। পরে নিরাপত্তা বাহিনীর অভিযানে মারা যান দুই বেসামরিক নাগরিক। আহত হন আরও তিনজন। পরে পুলিশি হামলার প্রতিবাদে লাশ নিয়ে বিক্ষোভ করেন কয়েকশ' মানুষ।","শনিবার (১২ জুন) কাশ্মীরের সোপর শহরে মরদেহ নিয়ে শোক মিছিল বের করে স্থানীয় নাগরিকরা। পুলিশি হামলার তীব্র নিন্দা জানিয়ে স্লোগান দেন বিক্ষোভকারীরা। এর আগে শনিবার বিকেলে নিরাপত্তা বাহিনীর টহল গাড়ি লক্ষ্য করে অতর্কিত হামলা চালায় অস্ত্রধারীরা। পরে সন্ত্রাসবিরোধী অভিযান শুরু করে পুলিশ।প্রত্যক্ষদর্শীরা জানান, অস্ত্রধারাীরা পালিয়ে গেলেও বেসামরিক নাগরিকদের লক্ষ্য করে এলোপাতাড়ি গুলি চালায় পুলিশ। এতে বেশ কয়েকজন হতাহত হন। হামলাকারীদের ধরতে না পারলেও নিরীহ মানুষকে গুলিকে হত্যার সমালোচনা করেন তারা।কাশ্মীরের বিশেষ মর্যাদা কেড়ে নেওয়ার পর লকডাউনের মধ্যেই হঠাৎ করে নিরাপত্তা বাহিনী ও রাজনীতিবিদদের ওপর বেড়ে গেছে সন্ত্রাসী হামলা। এর আগে গত সপ্তাহে কাশ্মীরের পুলওয়ামা জেলায় সন্ত্রাসী হামলায় এক বিজেপি নেতা নিহত হন।কাশ্মীরের স্বাধীনতার দাবিতে ১৯৮৯ সাল থেকে সশস্ত্র বিদ্রোহী করে আসছে অঞ্চলটির বিভিন্ন বিচ্ছিন্নতাবাদী দল। এদের দমনে প্রায় অভিযান চালিয়ে থাকে ভারতীয় নিরাপত্তা বাহিনী। আন্দোলনকারীদের সন্ত্রাসী আখ্যা দিয়ে প্রতিবেশী দেশ পাকিস্তানের বিরুদ্ধে এদের মদদ দেওয়ার অভিযোগ করে থাকে নয়াদিল্লি। যদিও এ অভিযোগ অস্বীকার করে থাকে ইসলামাবাদ।সূত্র: হিন্দুস্তান টাইমস",1
https://somoynews.tv/news/2021-06-13/%E0%A6%86%E0%A6%B2-%E0%A6%95%E0%A7%81%E0%A6%A6%E0%A6%B8-%E0%A6%B6%E0%A6%B9%E0%A6%B0%E0%A7%87-%E0%A6%87%E0%A6%B8%E0%A6%B0%E0%A6%BE%E0%A7%9F%E0%A7%87%E0%A6%B2%E0%A6%BF-%E0%A6%B8%E0%A7%87%E0%A6%A8%E0%A6%BE%E0%A6%A6%E0%A7%87%E0%A6%B0-%E0%A6%8F%E0%A6%B2%E0%A7%8B%E0%A6%AA%E0%A6%BE%E0%A6%A4%E0%A6%BE%E0%A7%9C%E0%A6%BF-%E0%A6%97%E0%A7%81%E0%A6%B2%E0%A6%BF%E0%A6%A4%E0%A7%87-%E0%A6%AB%E0%A6%BF%E0%A6%B2%E0%A6%BF%E0%A6%B8%E0%A7%8D%E0%A6%A4%E0%A6%BF%E0%A6%A8%E0%A6%BF-%E0%A6%A4%E0%A6%B0%E0%A7%81%E0%A6%A3%E0%A7%80-%E0%A6%A8%E0%A6%BF%E0%A6%B9%E0%A6%A4,"ইসরায়েলি সেনাদের এলোপাতাড়ি গুলিতে ফিলিস্তিনি তরুণী নিহত","আন্তর্জাতিক ডেস্ক","আন্তর্জাতিক"," ১৩ জুন, ২০২১","N/A","ইসরায়েলি সেনাবাহিনী অধিকৃত জেরুজালেমের আল-কুদস শহরে গুলি করে এক ফিলিস্তিনি তরুণীকে হত্যা করেছে। আন্তর্জাতিক সংবাদমাধ্যম আল আরাবিয়া নিউজ জানায়, ২৮ বছর বয়সী ইবতিসাম কাবনেহ নামের ওই তরুণীকে শনিবার (১২ জুন) আল-কুদস শহরের একটি চেক পয়েন্টে তাকে গুলি করে হত্যা করা হয়।","প্রত্যক্ষদর্শীদের বরাত দিয়ে আল আরাবিয়া নিউজ জানায়, ইসরায়েলি সেনারা শনিবার জেরুজালেমের আল-কুদস শহরের উত্তর অংশে ‘কালান্দিয়া’ এলাকার প্রবেশ পথে ২৮ বছর বয়সী ফিলিস্তিনি নারী ইবতিসাম কাবনেহকে লক্ষ্য করে নির্বিচারে গুলি চালায়।এতে তিনি মারাত্মক আহত হয়ে মাটিতে লুটিয়ে পড়েন। এ সময় ওই নারীর শরীর থেকে প্রচণ্ড রক্তক্ষরণ হলেও তাকে হাসপাতালে নিয়ে যেতে দেয়নি ইসরায়েলি সেনারা। এতে ঘটনাস্থলেই নিহত হন তিনি।এদিকে ফিলিস্তিনি কর্তৃপক্ষ জানিয়েছে, শনিবার নিহত ইবতিসাম কাবনেহকে ২০১৬ সালে একবার আটক করেছিল ইসরায়েলি সেনারা। সেসময় ইসরায়েলের কারাগারে তিনি ১৮ মাস বন্দি ছিলেন।অন্যদিকে ইসরায়েলি সেনাবাহিনীর দাবি, কালান্দিয়া চেকপোস্টে দায়িত্বরত সেনা সদস্যদের দিকে ছুরি হাতে তেড়ে আসছিলেন ওই তরুণী। বাধ্য হয়ে ফিলিস্তিনি নারী ইবতিসাম কাবনেহকে গুলি করে হত্যা করা হয়। এর আগে শুক্রবার পশ্চিম তীরের নাবলুস শহরে ১৫ বছর বয়সী এক ফিলিস্তিনি কিশোরকে গুলি করে হত্যা করে ইসরায়েলি সেনাবাহিনী। ",1
https://somoynews.tv/news/2021-06-13/%E0%A6%A8%E0%A7%87%E0%A6%A4%E0%A6%BE%E0%A6%A8%E0%A6%BF%E0%A7%9F%E0%A6%BE%E0%A6%B9%E0%A7%81-%E0%A6%AC%E0%A6%BF%E0%A6%B0%E0%A7%8B%E0%A6%A7%E0%A7%80-%E0%A6%AC%E0%A6%BF%E0%A6%95%E0%A7%8D%E0%A6%B7%E0%A7%8B%E0%A6%AD%E0%A7%87-%E0%A6%89%E0%A6%A4%E0%A7%8D%E0%A6%A4%E0%A6%BE%E0%A6%B2-%E0%A6%87%E0%A6%B8%E0%A6%B0%E0%A6%BE%E0%A7%9F%E0%A7%87%E0%A6%B2,"নেতানিয়াহুবিরোধী বিক্ষোভে উত্তাল ইসরায়েল","আন্তর্জাতিক ডেস্ক","আন্তর্জাতিক"," ১৩ জুন, ২০২১","N/A","ক্ষমতার পালাবাদলের মধ্যেই নেতানিয়াহুবিরোধী বিক্ষোভে উত্তাল ইসরায়েল। শনিবার (১২ জুন) রাতে জেরুজালেমের প্যারিস স্কয়ারে জড়ো হয়ে বিক্ষোভ করেন কয়েক হাজার মানুষ। প্রধানমন্ত্রী হিসেবে ১২ বছরের শাসনের অবসানের ঠিক একদিন আগে এ বিক্ষোভের আয়োজন করা হলো। এ সময় নেতানিয়াহুর পদত্যাগের পাশাপাশি তার বিরুদ্ধে ওঠা দুর্নীতির অভিযোগের বিচার চান বিক্ষোভকারীরা।","প্রধানমন্ত্রী হিসেবে দীর্ঘ ১২ বছরের অবসান হতে যাচ্ছে নেতানিয়াহুর। ক্ষমতা ছাড়ার একদিন আগে উল্লাসে ফেটে পড়েন ইসরায়েলের সাধারণ মানুষ। বলেন, একনায়কতান্ত্রিক শাসনের অবসান হলো ইসরায়েল।করোনা মহামারি মোকাবিলায় ব্যর্থতা, বেকার সমস্যা এবং দুর্নীতির অভিযোগ তুলে নেতানিয়াহুর পদত্যাগের দাবিতে এক বছর ধরে বিক্ষোভ করে আসছে ইসরায়েলের সাধারণ মানুষ। তাই স্বাভাবিকভাবেই তার ক্ষমতা ছেড়ে যাওয়াকে নিজেদের বিজয় হিসেবে দেখছেন বিক্ষোভকারীরা।ইসরায়েলে গত দুই বছরে চারবার জাতীয় নির্বাচনের আয়োজন করেও এককভাবে কোনো দল সরকার গঠন করতে পারেনি। দীর্ঘদিনের শাসক নেতানিয়াহুকে সরাতে সম্প্রতি ইসরাইলে ইয়েস আতিদ পার্টির চেয়ারম্যান ইয়ার লাপিদের নেতৃত্বে ৮ দল মিলে একটি জোট গঠন করে। রোববার দেশটির পার্লামেন্টে ১২০ আসনের মধ্যে ৬১ আসন পেলে সরকার গঠন করতে পারবে নতুন এ জোট। অন্যথায় ইসরায়েলে দুই বছরে পঞ্চমবারের মতো নির্বাচন অনুষ্ঠিত হবে।চুক্তি অনুযায়ী, প্রথম দুই বছর প্রধানমন্ত্রী হিসেবে দায়িত্ব পালন করবেন ইয়ামিনা পার্টির নেতা নাফতালি বেনেত। এরপর দায়িত্ব নেবেন ইয়েস আতিদ পার্টির চেয়ারম্যান ইয়ার লাপিদ। রোববার ইসরাইলে নতুন সরকার গঠন হলে দেশটিতে বেনিয়ামিন নেতানিয়াহু যুগের অবসান ঘটবে। তবে ক্ষমতায় টিকে থাকতে এখনো কৌশল আর চেষ্টা চালিয়ে যাচ্ছেন নেতানিয়াহু।সূত্রঃ রয়টার্স",0
https://somoynews.tv/news/2021-06-13/%E0%A6%B8%E0%A6%BF%E0%A6%B0%E0%A6%BF%E0%A7%9F%E0%A6%BE%E0%A7%9F-%E0%A6%B9%E0%A6%BE%E0%A6%B8%E0%A6%AA%E0%A6%BE%E0%A6%A4%E0%A6%BE%E0%A6%B2%E0%A7%87-%E0%A6%B9%E0%A6%BE%E0%A6%AE%E0%A6%B2%E0%A6%BE--%E0%A6%A8%E0%A6%BF%E0%A6%B9%E0%A6%A4-%E0%A7%A7%E0%A7%AC,"সিরিয়ায় হাসপাতালে হামলা, নিহত ১৬","আন্তর্জাতিক","আন্তর্জাতিক"," ১৩ জুন, ২০২১","N/A","তুর্কি সমর্থিত বিদ্রোহী নিয়ন্ত্রিত একটি হাসপাতালে একের পর এক মর্টারশেল হামলা চালায় কুর্দি বিদ্রোহীরা।","সিরিয়ার বিদ্রোহী নিয়ন্ত্রিত আফরিনের একটি হাসপাতালে হামলা চালিয়েছে কুর্দি সশস্ত্রগোষ্ঠী পি.কে.কে। এতে অন্তত ১৬ জন নিহত হয়েছেন। আহত হয়েছেন আরও বেশ কয়েকজন।আন্তর্জাতিক সংবাদ মাধ্যম রয়টার্সের প্রতিবেদনে উল্লেখ করা হয়েছে, স্থানীয় সময় শনিবার (১২ জুন) সন্ধ্যায় তুর্কি সমর্থিত বিদ্রোহী নিয়ন্ত্রিত একটি হাসপাতালে একের পর এক মর্টারশেল হামলা চালায় কুর্দি বিদ্রোহীরা। হামলায় হাসপাতালটি পুরোপুরি ধ্বংস হয়ে গেছে। আহতদের মধ্যে কয়েকজন চিকিৎসক ও স্বাস্থ্যকর্মী রয়েছেন।নিহতরা সবাই বেসামরিক নাগরিক বলে জানিয়েছে ব্রিটেন-ভিত্তিক পর্যবেক্ষণ সংস্থা সিরিয়ান অবজারভেটরি ফর হিউম্যান রাইটস। ২০১৮ সালে তুর্কি সেনাদের কুর্দিবিরোধী অভিযানের পর থেকে অঞ্চলটির নিয়ন্ত্রণ করে আসছে তুরস্ক সমর্থিত সিরিয়ার বিদ্রোহী গোষ্ঠী।",0
https://somoynews.tv/news/2021-06-13/%E0%A6%95%E0%A6%B0%E0%A7%8B%E0%A6%A8%E0%A6%BE%E0%A7%9F-%E0%A6%86%E0%A6%AC%E0%A6%BE%E0%A6%B0%E0%A7%8B-%E0%A6%89%E0%A6%A4%E0%A7%8D%E0%A6%A4%E0%A6%AA%E0%A7%8D%E0%A6%A4-%E0%A6%9C%E0%A6%AE%E0%A7%8D%E0%A6%AE%E0%A7%81-%E0%A6%95%E0%A6%BE%E0%A6%B6%E0%A7%8D%E0%A6%AE%E0%A7%80%E0%A6%B0,"করোনায় আবারো উত্তপ্ত জম্মু-কাশ্মীর","আন্তর্জাতিক ডেস্ক","আন্তর্জাতিক"," ১৩ জুন, ২০২১","N/A","করোনা মহামারির মধ্যেই আবারো উত্তপ্ত ভারত নিয়ন্ত্রিত জম্মু-কাশ্মীর। অঞ্চলটিতে হঠাৎ করে বেড়ে গেছে সন্ত্রাসী হামলা। শনিবার (১২ জুন) কাশ্মীরের সোপর শহরে পুলিশকে লক্ষ্য করে হামলা চালায় অস্ত্রধারীরা। পরে নিরাপত্তা বাহিনীর অভিযানে মারা যান দুই বেসামরিক নাগরিক। আহত হন আরো তিনজন। পরে পুলিশি হামলার প্রতিবাদে লাশ নিয়ে বিক্ষোভ করে কয়েকশ' মানুষ।","শনিবার কাশ্মীরের সোপর শহরে মরদেহ নিয়ে শোক মিছিল বের করে স্থানীয় নাগরিকরা। পুলিশি হামলার তীব্র নিন্দা জানিয়ে স্লোগান দেন বিক্ষোভকারীরা। এর আগে শনিবার বিকেলে নিরাপত্তা বাহিনীর টহল গাড়ি লক্ষ্য করে অতর্কিত হামলা চালায় অস্ত্রধারীরা। পরে সন্ত্রাসবিরোধী অভিযান শুরু করে পুলিশ।প্রত্যক্ষদর্শীরা জানান, অস্ত্রধারাীরা পালিয়ে গেলও বেসামরিক নাগরিকদের লক্ষ্য করে এলোপাতাড়ি গুলি চালায় পুলিশ। এতে বেশ কয়েকজন হতাহত হন। হামলাকারীদের ধরতে না পারলেও নিরীহ মানুষকে গুলিকে হত্যার সমালোচনা করেন তারা।কয়েকজন জানান, আমরা এক সাথে রাস্তার পাশে বসে চা খাচ্ছিলাম। হঠাৎ করে পুলিশ এসে গুলি করা শুরু করে। এতে ঘটনাস্থলেই একজন মারা যান। পরে আরেকজন দৌঁড়ে প্রাণে বাচার চেষ্টা করলে তাকেও লক্ষ্য করে গুলি করা হয়।কাশ্মীরের বিশেষ মর্যাদা কেড়ে নেয়ার পর লকডাউনের মধ্যেই হঠাৎ করে নিরাপত্তা বাহিনী ও রাজনীতিবিদদের ওপর বেড়ে গেছে সন্ত্রাসী হামলা। এর আগে গেল সপ্তাহে কাশ্মীরের পুলওয়ামা জেলায় সন্ত্রাসী হামলায় এক বিজেপি নেতা নিহত হন।কাশ্মীরের স্বাধীনতার দাবিতে ১৯৮৯ সাল থেকে সশস্ত্র বিদ্রোহী করে আসছে অঞ্চলটির বিভিন্ন বিচ্ছিন্নতাবাদী দল। এদের দমনে প্রায় অভিযান চালিয়ে থাকে ভারতীয় নিরাপত্তা বাহিনী। আন্দোলনকারীদের সন্ত্রাসী আখ্যা দিয়ে প্রতিবেশী দেশ পাকিস্তানের বিরুদ্ধে এদের মদদ দেয়ার অভিযোগ করে থাকে নয়াদিল্লি। যদিও এ অভিযোগ অস্বীকার করে থাকে ইসলামাবাদ।",1
https://somoynews.tv/news/2021-06-13/%E0%A6%B8%E0%A6%BE%E0%A6%AE%E0%A6%B0%E0%A6%BF%E0%A6%95-%E0%A6%B6%E0%A6%95%E0%A7%8D%E0%A6%A4%E0%A6%BF-%E0%A6%AC%E0%A6%BE%E0%A6%A1%E0%A6%BC%E0%A6%BE%E0%A6%A8%E0%A7%8B%E0%A6%B0-%E0%A6%9C%E0%A6%A8%E0%A7%8D%E0%A6%AF-%E0%A6%A8%E0%A6%BF%E0%A6%B0%E0%A7%8D%E0%A6%A6%E0%A7%87%E0%A6%B6-%E0%A6%95%E0%A6%BF%E0%A6%AE-%E0%A6%9C%E0%A6%82-%E0%A6%89%E0%A6%A8%E0%A7%87%E0%A6%B0,"সামরিক শক্তি বাড়ানোর জন্য নির্দেশ কিম জং উনের","আন্তর্জাতিক ডেস্ক","আন্তর্জাতিক"," ১৩ জুন, ২০২১","N/A","দেশের সামরিক শক্তি বাড়ানোর জন্য কর্মকর্তাদেরকে নির্দেশ দিয়েছেন উত্তর কোরিয়ার নেতা কিম জং উন। শনিবার (১২ জুন) রাষ্ট্রীয় বার্তা সংস্থা কেসিএনএ এ খবর দিয়েছে।","উত্তর কোরিয়ার সেন্ট্রাল মিলিটারি কমিশনের সঙ্গে বৈঠকে কিম জং উন বলেছেন, দেশের সামগ্রিক শক্তি বাড়াতে হবে। এছাড়া কোরীয় উপদ্বীপের পরিস্থিতি দ্রুত পরিবর্তন হওয়ায় তিনি সামরিক বাহিনীকে উচ্চ সতর্ক অবস্থায় থাকার নির্দেশ দেন।তবে এ জন্য সামরিক বাহিনীকে কী ধরনের তৎপরতা চালাতে হযবে সে সম্পর্কে বিস্তারিত কিছু বলে নি কেসিএনএ।উত্তর কোরিয়ার সামগ্রিক জাতীয় প্রতিরক্ষা বিষয়ক নতুন অবস্থা তৈরীর মতো গুরুত্বপূর্ণ বিষয় নিয়ে কিম জং উন আলোচনা করেন।এছাড়া দেশের অর্থনীতি দৃঢ়ভিডিও অস্থিতিশীল করার বিষয়ে কিম জং উন একটি পরিকল্পনা প্রকাশ করেন।",1
https://somoynews.tv/news/2021-06-13/%E0%A6%AE%E0%A7%87%E0%A6%95%E0%A7%8D%E0%A6%B8%E0%A7%80%E0%A6%95%E0%A7%8B-%E0%A6%B8%E0%A7%80%E0%A6%AE%E0%A6%BE%E0%A6%A8%E0%A7%8D%E0%A6%A4%E0%A7%87-%E0%A6%86%E0%A6%AC%E0%A6%BE%E0%A6%B0%E0%A6%93-%E0%A6%A6%E0%A7%87%E0%A7%9F%E0%A6%BE%E0%A6%B2-%E0%A6%A8%E0%A6%BF%E0%A6%B0%E0%A7%8D%E0%A6%AE%E0%A6%BE%E0%A6%A3%E0%A7%87%E0%A6%B0-%E0%A6%AA%E0%A6%B0%E0%A6%BF%E0%A6%95%E0%A6%B2%E0%A7%8D%E0%A6%AA%E0%A6%A8%E0%A6%BE-%E0%A6%9F%E0%A7%87%E0%A6%95%E0%A7%8D%E0%A6%B8%E0%A6%BE%E0%A6%B8%E0%A7%87%E0%A6%B0,"মেক্সিকো সীমান্তে আবারও দেয়াল নির্মাণের পরিকল্পনা টেক্সাসের","আন্তর্জাতিক ডেস্ক","আন্তর্জাতিক"," ১৩ জুন, ২০২১","N/A","অবৈধ অভিবাসীদের ঢল ঠেকাতে মেক্সিকো সীমান্তে আবারও দেয়াল নির্মাণের পরিকল্পনা সাজিয়েছেন টেক্সাস অঙ্গরাজ্যের রিপাবলিকান গভর্নর গ্রেগ অ্যাবট। খবর বিবিসি।","স্থানীয় সময় বৃহস্পতিবার (১০ জুন) সংবাদ সম্মেলনে গভর্নর গ্রেগ অ্যাবট বলেন, সীমান্ত সুরক্ষায় দেয়াল নির্মাণ প্রকল্প শুরু করা উচিত। এর জন্য বিপুল অঙ্কের অর্থ বরাদ্দ রাখা হবে। অনিবন্ধিত অভিবাসীদের গ্রেপ্তারের পাশাপাশি কারাগারে পাঠানো হবে। আগামী সপ্তাহেই টেক্সাস অঙ্গরাজ্যে সীমান্তে দেয়াল নির্মাণের পরিকল্পনা ঘোষণা করার কথা জানান তিনি।সমালোচনা উপেক্ষা করে সাবেক মার্কিন প্রেসিডেন্ট ডোনাল্ড ট্রাম্প ক্ষমতায় থাকতে দেশটিতে অবৈধ অভিবাসী প্রবেশ ও চোরাচালান ঠেকাতে মেক্সিকো সীমান্তে দেয়াল নির্মাণের কাজ শুরু করেন। পরবর্তীতে ক্ষমতায় এসে ট্রাম্পের পদক্ষেপ বন্ধ করেন জো বাইডেন। তবে সম্প্রতি মেক্সিকো সীমান্তে যুক্তরাষ্ট্র অভিমুখী অভিবাসন প্রত্যাশীদের সংখ্যা প্রতিদিনই বাড়ছে।মার্কিন প্রেসিডেন্ট বাইডেন সীমান্তে দেয়াল নির্মাণ স্থগিত করার পরও টেক্সাস কর্তৃপক্ষ এ ধরনের কাজ করতে পারবে কিনা এ নিয়ে সন্দেহ রয়েছে।সম্প্রতি অভিবাসনপ্রত্যাশীদের অবৈধভাবে যুক্তরাষ্ট্রে প্রবেশ না করার আহ্বান জানিয়েছেন মার্কিন ভাইস প্রেসিডেন্ট কমলা হ্যারিস। দায়িত্ব গ্রহণের পর প্রথম বিদেশ সফরে গুয়েতেমালায় গিয়ে এই আহ্বান জানান তিনি। তিনি বলেন, গুয়েতেমালা, এল সালভাদর ও হন্ডুরাসের জনগণকে যুক্তরাষ্ট্রমুখী হওয়া থেকে বিরত রাখা খুবই জরুরি। সীমান্ত সুরক্ষিত রাখতে আইন প্রয়োগ করা হবে। অবৈধভাবে প্রবেশের চেষ্টাকারীদের সীমান্ত থেকেই ফিরিয়ে দেওয়া হবে। সুতরাং এভাবে আসবেন না।",1
https://somoynews.tv/news/2021-06-13/%E0%A6%A8%E0%A6%BE%E0%A6%87%E0%A6%9C%E0%A7%87%E0%A6%B0%E0%A6%BF%E0%A7%9F%E0%A6%BE%E0%A7%9F-%E0%A6%B8%E0%A6%A8%E0%A7%8D%E0%A6%A4%E0%A7%8D%E0%A6%B0%E0%A6%BE%E0%A6%B8%E0%A7%80-%E0%A6%B9%E0%A6%BE%E0%A6%AE%E0%A6%B2%E0%A6%BE%E0%A7%9F-%E0%A6%A8%E0%A6%BF%E0%A6%B9%E0%A6%A4-%E0%A7%AB%E0%A7%A9,"নাইজেরিয়ায় সন্ত্রাসী হামলায় নিহত ৫৩","আন্তর্জাতিক ডেস্ক","আন্তর্জাতিক"," ১৩ জুন, ২০২১","N/A","নাইজেরিয়ার জামফারা রাজ্যে বন্দুকধারীদের হামলায় ৫৩ গ্রামবাসী নিহত হয়েছেন। পুলিশ ও প্রত্যক্ষদর্শীদের বরাতে কাতারভিত্তিক সংবাদমাধ্যম শনিবার (১২ জুন) তাদের প্রতিবেদনে এ তথ্য জানায়।","প্রত্যক্ষদর্শী ও নাইজেরিয়ার আইনশৃঙ্খলা বাহিনীর সদস্যরা জানিয়েছেন, বৃহস্পতিবার (১০ জুন) ও শুক্রবার (১১ জুন) একদল বন্দুকধারী সন্ত্রাসী মোটরসাইকেলে করে জামফারা প্রদেশের জুরমি জেলার কাদাওয়া, কাওয়াতা, মাদুবা, গান্দাসামু, সাউলাওয়া ও আশকাওয়া গ্রামে হামলা করে।এ সময় তারা গ্রামবাসীদের লক্ষ্য করে এলোপাতাড়ি গুলি ছোঁড়ে, মাঠে কৃষকদের আক্রমণ করে এবং অনেক গ্রামবাসীকে তাড়া করে পার্শ্ববর্তী জঙ্গলের দিকে তাড়িয়ে দিয়ে ব্যাপক লুটপাট চালায়।জামফারা পুলিশের মুখপাত্র মোহাম্মদ শেহহু বলেন, শুক্রবার ১৪টি মৃতদেহ উদ্ধার করে রাজ্যের রাজধানী গুসাও-এ নেওয়া হয়েছে। এছাড়াও আরও ৩৯ জনের মরদেহ শনাক্ত করে দাফন সম্পন্ন করা হয়।শেষকৃত্যে অংশ নিয়ে মুসা আরজিকা বলেন ‘ নিহতদের শেষকৃত্যে অংশ নেওয়া বেশ বিপজ্জনক ছিলো। কারণ দস্যুরা পাশের জুরমি বনে অবস্থান নেওয়ায় যে কোন সময় আবারও হামলা করতে পারতো’।নাইজেরিয়ার উত্তর, উত্তর-পশ্চিম ও কেন্দ্রীয় অঞ্চলে সম্প্রতি ব্যাপকভাবে বেড়েছে সশস্ত্র হামলা, ডাকাতি ও অপহরণ করে মুক্তিপণ আদায়ের মতো অপরাধ। যে কয়েকটি প্রদেশে এই অপরাধগুলো সবচেয়ে উচ্চমাত্রায় হচ্ছে, সেগুলোর মধ্যে জামফারা অন্যতম।গত ডিসেম্বরে এই জামফারা প্রদেশেরই একটি স্কুল থেকে সাড়ে আটশ শিক্ষার্থীকে অপহরণ করে নিয়ে গিয়েছিল সন্ত্রাসীরা। পরে মুক্তিপণের বিনিময়ে তাদের ছেড়ে দেওয়া হয়েছিল।জাতিসংঘের অঙ্গসংগঠন ইন্টারন্যাশনাল অর্গানাইজেশন অব মাইগ্রেশন (আইওএম) তাদের প্রতিবেদনে জানিয়েছে, গত ১০ বছরে সন্ত্রাসীদের হামলায় নাইজেরিয়ার উত্তরপশ্চিম ও কেন্দ্রীয় অঞ্চলে ৩০ হাজারেরও বেশি মানুষ নিহত হয়েছেন, বাস্তুচ্যুত হয়েছেন প্রায় ৭ লাখ। এরমধ্যে শুধু জামফারা প্রদেশেই বাস্তুচ্যুতের সংখ্যা ১ লাখ ২৪ হাজারের বেশি।",1
https://somoynews.tv/news/2021-06-12/%E0%A6%AE%E0%A6%B9%E0%A6%BE%E0%A6%AE%E0%A6%BE%E0%A6%B0%E0%A6%BF-%E0%A6%A5%E0%A7%87%E0%A6%95%E0%A7%87-%E0%A6%AC%E0%A6%BE%E0%A6%81%E0%A6%9A%E0%A6%A4%E0%A7%87%E2%80%98%E0%A6%95%E0%A6%B0%E0%A7%8B%E0%A6%A8%E0%A6%BE-%E0%A6%A6%E0%A7%87%E0%A6%AC%E0%A7%80%E0%A6%B0%E2%80%99-%E0%A6%AA%E0%A7%82%E0%A6%9C%E0%A6%BE!,"মহামারি থেকে বাঁচতে ‘করোনা দেবীর’ পূজা!","আন্তর্জাতিক ডেস্ক","আন্তর্জাতিক"," ১২ জুন, ২০২১","N/A","অবশ্য এমন মন্দির নতুন নয়। ইতিহাসে এমন নজির রয়েছে। ১০০ বছর আগে যখন প্লেগ মহামারির কবলে পড়ে শুরু হয়েছিল মৃত্যুমিছিল, তখন কোয়েম্বটুরে তৈরি হয়েছিল প্লেগ মারিয়াম্মান মন্দির।","ভারতের উত্তরপ্রদেশে ‘করোনা দেবী’র মন্দির বানিয়ে পূজা করছেন গ্রামবাসী। মহামারি থেকে বাঁচতেই এ পথ বেছে নিয়েছেন শুক্লাপুর গ্রামের বাসিন্দারা।শনিবার (১২ জুন) ভারতীয় সংবাদমাধ্যম সংবাদ প্রতিদিনের এক প্রতিবেদনে এ খবর জানা গেছে।প্রতিবেদনে বলা হয়েছে, পর্তপগর জেলার শুক্লাপুর গ্রামে তৈরি হয়েছে ‘করোনা মায়ের’ মন্দির। সেই শ্বেতবর্ণ দেবীর চার হাত। মুখ ঢাকা মাস্কে। নিমগাছের তলায় অধিষ্ঠিত দেবী। এই মন্দিরে পূজা দেওয়ার নিয়ম হলো কোভিড বিধি মেনে চলা। অর্থাৎ হাত স্যানিটাইজার বা সাবান দিয়ে ধুয়ে, সামাজিক দূরত্ব মেনে মাস্ক পরে তবেই পূজা দেওয়া যাবে।সেই সঙ্গে আরেকটা নিয়ম হলো- ফল, ফুল, মিষ্টি বা যা কিছুই দেবীর পায়ে নিবেদন করুন না কেন, তা হতে হবে ‌হলুদ রঙের।গ্রামবাসীরা জানান, ‘এই দেবীর আরাধনা করার সিদ্ধান্ত গ্রামের সবাই মিলেই নিয়েছেন। মহামারি করোনাভাইরা বহু মানুষের প্রাণ কেড়ে নিয়েছে। আর যাতে সে আঘাত না হানতে পারে তাই এই মন্দির তৈরি করা হয়েছে।’এর আগে গত মাসেই জানা যায়, দেশটির তামিলনাড়ুর করোনা দেবীর মন্দিরের কথা। কোয়েম্বটুর থেকে অদূরে কামাতচিপুরম গ্রামে তৈরি হয় মন্দিরটি। মন্দিরে অধিষ্ঠাত্রী করোনা দেবীর মূর্তিটি গ্র্যানাইট পাথরের তৈরি। দেড় ফুটের প্রতিমার পরনে টকটকে লাল রঙের শাড়ি। একহাতে ধরা ত্রিশূল।অবশ্য এমন মন্দির নতুন নয়। ইতিহাসে এমন নজির রয়েছে। ১০০ বছর আগে যখন প্লেগ মহামারির কবলে পড়ে শুরু হয়েছিল মৃত্যুমিছিল, তখন কোয়েম্বটুরে তৈরি হয়েছিল প্লেগ মারিয়াম্মান মন্দির। সেখানে পূজা হত মারিয়াম্মান দেবীর। আজও সেখানে পূজা হয়।",1
https://somoynews.tv/news/2021-06-12/%E0%A6%9A%E0%A7%80%E0%A6%A8%E0%A7%87%E0%A6%B0-%E0%A6%AC%E0%A7%87%E0%A6%B2%E0%A7%8D%E0%A6%A1-%E0%A6%85%E0%A7%8D%E0%A6%AF%E0%A6%BE%E0%A6%A8%E0%A7%8D%E0%A6%A1-%E0%A6%B0%E0%A7%8B%E0%A6%A1%E0%A7%87%E0%A6%B0-%E0%A6%AC%E0%A6%BF%E0%A6%95%E0%A6%B2%E0%A7%8D%E0%A6%AA-%E0%A6%AA%E0%A6%A6%E0%A6%95%E0%A7%8D%E0%A6%B7%E0%A7%87%E0%A6%AA-%E0%A6%A8%E0%A6%BF%E0%A6%B2-%E0%A6%AA%E0%A6%B6%E0%A7%8D%E0%A6%9A%E0%A6%BF%E0%A6%AE%E0%A6%BE%E0%A6%B0%E0%A6%BE,"চীনের বেল্ড অ্যান্ড রোডের বিকল্প পদক্ষেপ নিল পশ্চিমারা","আন্তর্জাতিক ডেস্ক","আন্তর্জাতিক"," ১২ জুন, ২০২১","N/A","জিনজিয়াংয়ের সংখ্যালঘু উইঘুর মুসলমানদের কাছ থেকে বলপ্রয়োগে শ্রম আদায় নৈতিকভাবে জঘন্য এবং অর্থনৈতিকভাবেও গ্রহণযোগ্য না।","উন্নত অবকাঠামো নির্মাণে নিম্ন ও মধ্য আয়ের দেশগুলোকে সহায়তা কারতে একটি পরিকল্পনা গ্রহণ করেছেন চীনের বিরুদ্ধে প্রতিদ্বন্দ্বিতা করতে চাওয়া জি৭ নেতারা। বিশ্বজুড়ে বাড়তে থাকা চীনের প্রভাব নিয়ন্ত্রণে শনিবার (১২ জুন) এ উদ্যোগের কথা বলা হয়েছে।পশ্চিমা দেশগুলো মনে করে চীনের বেল্ট অ্যান্ড রোড ইনিশিয়েটিভের (বিআরআই) পাল্টা পদক্ষেপ নেওয়া উচিত। এ প্রকল্পের মাধ্যমে উন্নয়নশীল দেশগুলোর অবকাঠামো নির্মাণে বিলিয়ন বিলিয়ন ডলার অর্থ ঢালছে বিশ্বের দ্বিতীয় শীর্ষ অর্থনীতির দেশটি।-খবর বিবিসিরমার্কিন প্রেসিডেন্ট জো বাইডেন বলেন, আমি চাচ্ছি, চীনা কর্মসূচির উন্নতমানের বিকল্প হবে মার্কিন সমর্থিত বিল্ড ব্যাক বেটার ওয়ার্ল্ড (বি৩ডব্লিউ) পরিকল্পনা। অর্থাৎ চীনারা যেসব অবকাঠামো নির্মাণ করে আসছে, নতুন পরিকল্পনার অধীন তার চেয়েও ভালো মানের প্রকল্প নেওয়া হবে।বিভিন্ন দেশকে ট্রেন, সড়ক ও বন্দর নির্মাণে আর্থিক সহায়তা দিচ্ছে চীনের অর্থনৈতিক উদ্যোগ বেল্ট অ্যান্ড রোড ইনিশিয়েটিভ। কিন্তু সহায়তা নেওয়া দেশগুলোর ওপর চীন ঋণের বোঝা চাপিয়ে দিচ্ছে বলে অভিযোগ সমালোচকদের।কর্নওয়ালের ইংলিশ কাউন্টিতে সম্মেলনে জি৭ নেতারা এক বিবৃতিতে বলেন, ‘তারা একটি মূল্যবোধ-তাড়িত উঁচু মানের ও স্বচ্ছ অংশীদারিত্ব চাচ্ছেন।’ তবে এই পরিকল্পনায় জি৭-এর দেশগুলো কীভাবে অর্থায়ন করবে, তা নিয়ে বিস্তারিত কোনো তথ্য দেওয়া হয়নি।চীনের ঋণ-কূটনীতির সবচেয়ে বেশি সমালোচক যুক্তরাষ্ট্র। বিশ্বজুড়ে পশ্চিমা মূল্যবোধের জয়জয়কার দেখতে চাচ্ছেন বাইডেন প্রশাসনের কর্মকর্তারা।তাদের যুক্তি, অনেক বেশি মূল্য নিয়ে আসে চীনের বিনিয়োগ। জিনজিয়াংয়ের সংখ্যালঘু উইঘুর মুসলমানদের কাছ থেকে বলপ্রয়োগে শ্রম আদায় নৈতিকভাবে জঘন্য এবং অর্থনৈতিকভাবেও গ্রহণযোগ্য না।এদিকে মহামারি বন্ধে নতুন পদক্ষেপ নেওয়ার কথা ভাবছে বিশ্বের সাত ধনী গণতান্ত্রিক দেশের জোট জি৭। যার মধ্যে একটি হচ্ছে টিকা উৎপাদনের সময় কমিয়ে নিয়ে আসা। কর্নওয়ালের ক্যারবিস উপসাগরীয় রিসোর্টে তিন দিনের এই সম্মেলনের আয়োজন করেছেন ব্রিটিশ প্রধানমন্ত্রী বরিস জনসন।
 ",1
https://somoynews.tv/news/2021-06-12/%E0%A6%9A%E0%A7%80%E0%A6%A8%E0%A7%87-%E0%A6%A8%E0%A6%A4%E0%A7%81%E0%A6%A8-%E0%A6%8F%E0%A6%95-%E0%A6%97%E0%A7%81%E0%A6%9A%E0%A7%8D%E0%A6%9B-%E0%A6%95%E0%A6%B0%E0%A7%8B%E0%A6%A8%E0%A6%BE%E0%A6%B0-%E0%A6%96%E0%A7%8B%E0%A6%81%E0%A6%9C-%E0%A6%AA%E0%A7%87%E0%A6%B2%E0%A7%87%E0%A6%A8-%E0%A6%97%E0%A6%AC%E0%A7%87%E0%A6%B7%E0%A6%95%E0%A7%87%E0%A6%B0%E0%A6%BE,"চীনে নতুন একগুচ্ছ করোনার খোঁজ পেলেন গবেষকেরা","আন্তর্জাতিক ডেস্ক","আন্তর্জাতিক"," ১২ জুন, ২০২১","N/A","সার্স-কভ-২ ভাইরাসের উৎস খুঁজে বের করার চেষ্টা করছেন গবেষকেরা। বাদুড় এই ভাইরাসের একটি সম্ভাব্য উৎস হলেও মধ্যবর্তী কোনো প্রাণীর মাধ্যমেও তা ছড়িয়ে পড়তে পারে।","নিশাচর প্রাণী বাদুড়ে নতুন একগুচ্ছ করোনাভাইরাসের খোঁজ পাওয়ার দাবি করেছেন চীনা গবেষকেরা। তার মধ্যে একটির সঙ্গে বর্তমান বৈশ্বিক মহামারির জন্য দায়ী সার্স-কভ-২ ভাইরাসের জিনগতভাবে খুবই মিল আছে। দক্ষিণপশ্চিমাঞ্চলীয় চীনের ইউনান প্রদেশের ছোট একটি অঞ্চলে এসব ভাইরাস পাওয়া গেছে।-খবর সিএনএনেরএ গবেষণাই বলে দিচ্ছে, সেখানে বাদুড় কী পরিমাণ করোনাভাইরাসের বাহক এবং এতে কতগুলো ভাইরাস মানবদেহে সংক্রমণের আশঙ্কা রয়েছে।শ্যানডং বিশ্ববিদ্যালয়ের ওয়েইফিং শি ও তার সহকর্মীরা ২০১৯ সালের মে থেকে ২০২০ সালের নভেম্বর পর্যন্ত ছোট ছোট বনে বাস করা বাদুড় থেকে নমুনা সংগ্রহ করেছেন। তারা স্তন্যপায়ী প্রাণীটির প্রশ্রাব ও মুখের সোয়াব নিয়েছেন।জার্নাল সেলে প্রকাশিত একটি নিবন্ধে বলা হয়েছে, বিভিন্ন প্রজাতির বাদুড় থেকে এখন পর্যন্ত গবেষকেরা চারটি সার্স-কভ-২ ভাইরাসসহ ২৪টি নোভেল করোনাভাইরাসের জেনোম সংগ্রহ করেছেন।বিজ্ঞানীরা বলেন, রাইনোলোফাস পুসিলাস নামের একটি হর্সসু বাদুড় থেকে আরপিওয়াইএনও৬ নামে পরিচিত সংক্রমণ নমুনা সংগ্রহ করা হয়েছে। স্পাইক প্রোটিনের জেনেটিক পার্থক্য ছাড়া যার সঙ্গে সার্স-কভ-২ ভাইরাসের খুবই মিল দেখা গেছে।নিবন্ধে বলা হয়, ২০২০ সালের জুনে থাইল্যান্ড থেকে সংগৃহীত সার্স-কভ-২ সংশ্লিষ্ট ভাইরাসের নমুনাসহ এসব ফল বলে দিচ্ছে, বাদুড়ের মধ্যে সার্স-কভ-২ এর মতো ভাইরাস কীভাবে ছড়িয়ে পড়ছে। কোনো কোনো অঞ্চলে এটি খুব বেশিই ঘটছে।সার্স-কভ-২ ভাইরাসের উৎস খুঁজে বের করার চেষ্টা করছেন গবেষকেরা। বাদুড় এই ভাইরাসের একটি সম্ভাব্য উৎস হলেও মধ্যবর্তী কোনো প্রাণীর মাধ্যমেও তা ছড়িয়ে পড়তে পারে।",1
https://somoynews.tv/news/2021-06-12/%E0%A6%95%E0%A6%B0%E0%A7%8B%E0%A6%A8%E0%A6%BE%E0%A6%B0-%E0%A6%A6%E0%A7%8D%E0%A6%AC%E0%A6%BF%E0%A6%A4%E0%A7%80%E0%A7%9F-%E0%A6%A2%E0%A7%87%E0%A6%89%E0%A7%9F%E0%A7%87-%E0%A6%AD%E0%A6%BE%E0%A6%B0%E0%A6%A4%E0%A7%87-%E0%A7%AD%E0%A7%A7%E0%A7%AF-%E0%A6%9A%E0%A6%BF%E0%A6%95%E0%A6%BF%E0%A7%8E%E0%A6%B8%E0%A6%95%E0%A7%87%E0%A6%B0-%E0%A6%AE%E0%A7%83%E0%A6%A4%E0%A7%8D%E0%A6%AF%E0%A7%81,"করোনার দ্বিতীয় ঢেউয়ে ভারতে ৭১৯ চিকিৎসকের মৃত্যু","আন্তর্জাতিক ডেস্ক","আন্তর্জাতিক"," ১২ জুন, ২০২১","N/A","সবচেয়ে বেশি চিকিৎসক মারা গেছেন বিহারে। তারপরই রাজধানী দিল্লিতে।","করোনার দ্বিতীয় ঢেউয়ে বিধ্বস্ত ভারতে এ পর্যন্ত ৭১৯ চিকিৎসক মারা গেছেন।দ্য ইন্ডিয়ান মেডিকেল অ্যাসোসিয়েশন (আইএমএ) জানিয়েছে, সবচেয়ে বেশি চিকিৎসক মারা গেছেন বিহারে। তারপরই রাজধানী দিল্লিতে।বিহারে ১১১ জন, দিল্লিতে ১০৯ জন, উত্তর প্রদেশে ৭৯ জন, পশ্চিমবঙ্গে ৬৩ এবং রাজস্থানে ৪৩ জন চিকিৎসকের মৃত্যু হয়েছে মহামারিতে।এছাড়া অন্ধ্রপ্রদেশে ৩৫ জন, তেলেঙ্গানায় ৩৬ জন, তামিল নাড়ুতে ৩২ জন, কেরালায় ২৪ জন এবং কর্নাটকে ৯ জন চিকিৎসক মারা গেছেন।বিশ্বজুড়ে মহামারি ছড়িয়ে পড়ার পর তা নিয়ন্ত্রণে সবচেয়ে বেশি ভূমিকা রেখেছেন চিকিৎসকসহ স্বাস্থ্যকর্মীরা। করোনা প্রতিরোধে তারাই সম্মুখসারির যোদ্ধা। নিজের জীবনের পরোয়া না করে তারা রোগীদের প্রাণ রক্ষা করতে দিনরাত পরিশ্রম করে যাচ্ছেন।গত মার্চ থেকে ভারতে দ্বিতীয় দফায় সংক্রমণ বাড়তে থাকে। এপ্রিল নাগাদ প্রাদুর্ভাব লাগামহীন অবস্থায় পৌঁছায়। ওই সময়ে দেশটিতে টানা কয়েকদিন দৈনিক চার লাখের বেশি নতুন রোগী শনাক্ত হয়েছিল।বর্তমানে দৈনিক শনাক্ত এক লাখের নিচে নেমে এসেছে। কিন্তু দৈনিক মৃত্যু এখনো অনেক বেশি। দিল্লিভিত্তিক টেলিভিশন এনডিটিভি জানায়, গত ২৪ ঘণ্টায় ভারতে ৪০০২ জন করোনায় আক্রান্ত হয়ে মারা গেছেন।",1
https://somoynews.tv/news/2021-06-12/%E0%A6%A1%E0%A7%81%E0%A6%AC%E0%A7%81%E0%A6%B0%E0%A6%BF%E0%A6%95%E0%A7%87-%E0%A6%97%E0%A6%BF%E0%A6%B2%E0%A7%87-%E0%A6%AB%E0%A7%87%E0%A6%B2%E0%A7%87-%E0%A6%89%E0%A6%97%E0%A7%9C%E0%A7%87-%E0%A6%A6%E0%A6%BF%E0%A6%B2-%E0%A6%A4%E0%A6%BF%E0%A6%AE%E0%A6%BF,"ডুবুরিকে গিলে উগড়ে দিল তিমি","আন্তর্জাতিক ডেস্ক","আন্তর্জাতিক"," ১২ জুন, ২০২১","N/A","আমার মনে হয়েছিল, আমি মারা যাচ্ছি।","কড অন্তরীপে একজন ডুবুরিকে পেটের ভেতরে গিলে ফেলে আবার থু থুর সঙ্গে উগড়ে দিয়েছে একটি কুঁজো তিমি। ওই ডুবুরি একজন গলদা শিকারি। তিমির উদরে যাওয়ার সময় তিনি সাগরে গলদা শিকারে ব্যস্ত ছিলেন। শুক্রবার (১১ জুন) সকালে এমন ঘটনা ঘটেছে।ওই ডুবরি বলেন, আমার মনে হয়েছিল, আমি মারা যাচ্ছি। বিবিসি ও গার্ডিয়ান এমন খবর দিয়েছে।যুক্তরাষ্ট্রের ম্যাসাচুসেটসের ওয়েলফ্লিটের বাসিন্দা ৫৬ বছর বয়সী মাইকেল প্যাকার্ডকে হাসপাতাল থেকে ছাড়পত্র দেওয়ার পর বললেন, আমি প্রভিনসটাউনের সাগরের ৪৫ ফুট গভীরে ছিলাম। তখন শরীরে বড় একটা ধাক্কা অনুভব করি। চোখের সামনে সবকিছু অন্ধকার হয়ে গিয়েছিল।হাঙ্গর আক্রমণ করেছে বলে প্রথমে মনে হয়েছিল তার। কারণ এই জলসীমায় সব সময়ই হাঙ্গর দেখা যায়। কিন্তু শরীরে কোনো দাঁতের কামড় অনুভব করেননি। কোনো যন্ত্রণাও বোধ করেননি।তখন স্ত্রী ও সন্তানদের কথা ভাবছিলেন জানিয়ে এই ডুবুরি বলেন, আমার মনে হল, আমি তিমির পেটে। সে আমাকে গিলে খাওয়ার চেষ্টা করছে। মনে হয়েছিল, আমি মারা যাচ্ছি।৩০ সেকেন্ডের মতো তিমিটির পেটে ছিলেন তিনি। তখনও শ্বাস নিতে পারছিলেন। কারণ তখনো তার শ্বাসপ্রশ্বাস যন্ত্র সক্রিয় ছিল। তার বোন সিনথিয়া প্যাকার্ড বলেন, আমার ভাইয়ের একটি পা ভেঙে গেছে। পরে বলেন, পায়ে মারাত্মক ব্যথা পেয়েছেন।কিন্তু গলদা শিকারের পেশা ছেড়ে দিতে স্ত্রীর অনুরোধ প্রত্যাখ্যান করেছেন মাইকেল প্যাকার্ড। এই চল্লিশ বছরের ক্যারিয়ার ছাড়তে পারবেন না বলে জানিয়ে দিয়েছেন তিনি।",0
https://somoynews.tv/news/2021-06-12/%E0%A6%95%E0%A6%BE%E0%A6%B6%E0%A7%8D%E0%A6%AE%E0%A7%80%E0%A6%B0%E0%A7%87-%E0%A6%B9%E0%A6%BE%E0%A6%AE%E0%A6%B2%E0%A6%BE%E0%A7%9F-%E0%A7%A8-%E0%A6%AA%E0%A7%81%E0%A6%B2%E0%A6%BF%E0%A6%B6%E0%A6%B8%E0%A6%B9-%E0%A6%A8%E0%A6%BF%E0%A6%B9%E0%A6%A4-%E0%A7%AA,"কাশ্মীরে হামলায় ২ পুলিশসহ নিহত ৪","আন্তর্জাতিক ডেস্ক","আন্তর্জাতিক"," ১২ জুন, ২০২১","N/A","পুলিশের পাশাপাশি দুই বেসামরিক নাগরিকও নিহত হয়েছেন","অধিকৃত জম্মু ও কাশ্মীরে পুলিশ-সিআরপিএফের একটি যৌথ টিমের ওপর হামলায় দুই পুলিশ সদস্য নিহত হয়েছেন।শনিবার (১২ জুন) সপোরের আরামপোরার কাছে এই হামলা সংঘটিত হয়েছে।পুলিশের পাশাপাশি দুই বেসামরিক নাগরিকও নিহত হয়েছেন।-খবর ইন্ডিয়া ডটকমেরকাশ্মীরের আইজি বিজয় কুমার বলেন, সন্ত্রাসী হামলায় দুই পুলিশ ও দুই বেসামরিক নাগরিক নিহত হয়েছেন। এছাড়াও দুজন পুলিশ সদস্য আহত হয়েছেন। হামলার জন্য লস্কর-ই-তৈয়বা দায়ী।
 ",1
https://somoynews.tv/news/2021-06-12/%E0%A6%AC%E0%A6%BE%E0%A6%87%E0%A6%A1%E0%A7%87%E0%A6%A8%E0%A7%87%E0%A6%B0-%E0%A6%B8%E0%A6%99%E0%A7%8D%E0%A6%97%E0%A7%87-%E0%A6%AC%E0%A7%88%E0%A6%A0%E0%A6%95%E0%A7%87%E0%A6%B0-%E0%A6%86%E0%A6%97%E0%A7%87-%E0%A6%9F%E0%A7%8D%E0%A6%B0%E0%A6%BE%E0%A6%AE%E0%A7%8D%E0%A6%AA%E0%A7%87%E0%A6%B0-%E0%A6%AA%E0%A7%8D%E0%A6%B0%E0%A6%B6%E0%A6%82%E0%A6%B8%E0%A6%BE-%E0%A6%AA%E0%A7%81%E0%A6%A4%E0%A6%BF%E0%A6%A8%E0%A7%87%E0%A6%B0,"বাইডেনের সঙ্গে বৈঠকের আগে ট্রাম্পের প্রশংসা পুতিনের","আন্তর্জাতিক ডেস্ক","আন্তর্জাতিক"," ১২ জুন, ২০২১","N/A","বিগত কয়েক বছরের মধ্যে যুক্তরাষ্ট্র-রাশিয়া সম্পর্ক এখন সবচেয়ে তলানিতে বলে মন্তব্য করেছেন, রুশ প্রেসিডেন্ট ভ্লাদিমির পুতিন। ১৬ জুন জো বাইডেনের সঙ্গে বৈঠকে অবস্থার উন্নতির আশা করেন তিনি। তাদের আলোচনায়, দুই পরাশক্তির উত্তেজনা প্রশমন আর দরিদ্র দেশগুলোর জন্য ভ্যাকসিন সরবরাহের বিষয় নিয়েও আলাপ হতে পারে। পুতিন বলেন, ডোনাল্ড ট্রাম্প থাকলে আরও বেশি ভালো হতো; তবে এখন বাইডেনের সঙ্গেই মানিয়ে নিতে হবে তার।","চলছে জি সেভেন সম্মেলন, তবে জো বাইডেন ও ভ্লাদিমির পুতিনের ১৬ জুনের সম্মেলন নিয়েই এবার আগ্রহ সবার। সুইজারল্যান্ডের জেনেভায় সাজ সাজ রব। বাড়ানো হয়েছে নিরাপত্তা। দুই পরমাণু শক্তিধর দেশের নেতাকে বরণ করতে চলছে শেষ মুহূর্তের প্রস্তুতি। রুশ ও মার্কিন গোয়েন্দাদের সঙ্গে সমন্বয় করে কাজ করছেন স্থানীয় আইনশৃঙ্খলা বাহিনীর সদস্যরা।সব প্রস্তুতি যখন শেষের দিকে, তখন বাইডেনের সঙ্গে বসার অপেক্ষায় পুতিনও। শুক্রবার মার্কিন গণমাধ্যম এনবিসিকে দেওয়া সাক্ষাৎকারে রাশিয়ার প্রেসিডেন্ট ভ্লাদিমির পুতিন বলেছেন, বিগত কয়েক বছরের মধ্যে এখন রুশ-মার্কিন সম্পর্ক খুব একটা ভালো অবস্থায় নেই। আলোচনার মাধ্যমে সেটির উন্নতি সাধানই তার মূল লক্ষ্য।ভ্লাদিমির পুতিন বলেন, বাইডেন পরিষ্কার মানুষ। তিনি কম বয়স থেকেই রাজনীতি করছেন। অনেক অভিজ্ঞতা ওনার। এর সুবিধাও যেমন আছে তেমনি অসুবিধাও কম নয়। তবুও মস্কো চায়, ওয়াশিংটনের সঙ্গে ভালো কিছু হোক।পুতিনকে বাইডেনের সঙ্গে বসতে হচ্ছে, তবে তিনি মনে মনে সাবেক মার্কিন প্রেসিডেন্ট ডোনাল্ড ট্রাম্পকেই যে খুঁজচ্ছেন সেটি সরাসরি বলেই ফেললেন। ভ্লাদিমির পুতিন বলেন,  ট্রাম্প বৈচিত্র্যপূর্ণ মানুষ। তিনি খুব ভালো। তার সঙ্গে ভালো সম্পর্ক ছিল। অসাধারণ ব্যক্তিত্ব, একজন মেধাবী মানুষ। তিনি আগে রাজনীতি করেননি, তবুও নিজের প্রজ্ঞা দিয়ে দেশ পরিচালনা করেছেন সফলভাবে।ইউক্রেন ইস্যু, নাভালনির বিষয়টি, সাইবার হামলা ও রাশিয়ার নতুন পারমানবিক অস্ত্র মোতায়েনের পদক্ষেপ নিয়ে চলমান উত্তেজনাকর পরিস্থিতির মধ্যে প্রথম মুখোমুখি বৈঠক করতে যাচ্ছেন দুই প্রেসিডেন্ট। তাদের আলোচনায় কোভিড সংকট কাটিয়ে অর্থনীতি শক্তিশালী করা ও ভ্যাকসিন ইস্যুতেও কথা হতে পারে।",1
https://somoynews.tv/news/2021-06-12/%E0%A6%AE%E0%A7%81%E0%A6%95%E0%A7%81%E0%A6%B2-%E0%A6%B0%E0%A6%BE%E0%A7%9F%E0%A7%87%E0%A6%B0-%E0%A6%A4%E0%A7%83%E0%A6%A3%E0%A6%AE%E0%A7%82%E0%A6%B2%E0%A7%87-%E0%A6%AB%E0%A7%87%E0%A6%B0%E0%A6%BE%E0%A6%B0-%E0%A6%AA%E0%A6%B0-%E0%A6%AF%E0%A7%87-%E0%A6%AA%E0%A7%8D%E0%A6%B0%E0%A6%B6%E0%A7%8D%E0%A6%A8%E0%A7%87%E0%A6%B0-%E0%A6%89%E0%A6%A4%E0%A7%8D%E0%A6%A4%E0%A6%B0-%E0%A6%8F%E0%A6%96%E0%A6%A8-%E0%A6%95%E0%A7%8B%E0%A6%9F%E0%A6%BF-%E0%A6%9F%E0%A6%BE%E0%A6%95%E0%A6%BE-%E0%A6%A6%E0%A6%BE%E0%A6%AE%E0%A6%BF-!,"মুকুলের পর তৃণমূলে ঢুকতে পারবেন কারা, জানালেন মমতা!","সুব্রত আচার্য","আন্তর্জাতিক"," ১২ জুন, ২০২১","N/A","মুকুল রায়ের ভূমিকা নিয়ে প্রশ্ন তুলে সৌমিত্র খা বলেছেন, মনে করছি আমার পিতৃ বিয়োগ হয়েছে তাই মাথা মুণ্ডন করে শ্রদ্ধা করবো।","মুকুল রায়ের পর বিজেপি থেকে আর কতজন নেতা তৃণমূলে ফিরছেন, পশ্চিমবঙ্গের রাজ্য রাজনীতিতে এখন সেই প্রশ্নের উত্তর কোটি টাকা। ২০১৭ সালে মুকুল রায় তৃণমূল ছেড়ে বিজেপিতে যোগ দেন। তখনই তার হাত ধরেই বিজেপিতে যোগ দিয়েছিলেন সৌমিত্র খাঁ, অর্জুন সিং, ভারতী ঘোষ, সব্যসাচী দত্ত সুনীল সিং সহ জেলাস্তরের বহু নেতাকর্মী। এরপর মুকুল ঘনিষ্ঠ বলেই পরিচিত শুভেন্দু অধিকারী, রাজীব বন্দ্যোপাধ্যায়ের মতো নেতারাও তৃণমূল ছেড়ে গেরুয়া শিবিরে নাম লিখিয়েছেন। মুকুল রায়ের ছেলে শুভ্রাংশ রায়ও গিয়েছিলেন বাবাকে দেখেই। শুক্রবার (১১ জুন) বিকেলে তৃণমূল ভবনে খোদ তৃণমূল নেত্রীর হাত ধরেই বিজেপি ছেড়ে তৃণমূলে ফেরেন মুকুল রায় এবং তার ছেলে শুভ্রাংশ রায়।মুকুল-শুভ্রাংশ তৃণমূলে ফেরার পর স্বাভাবিকভাবেই প্রশ্ন উঠবে, তবে কি বিজেপিতে যাওয়া ওই নেতারাও ফিরবেন তৃণমূলে। যদিও ইতিমধ্যেই সৌমিত্র খাঁ, অর্জুন সিং-এর মতো বিজেপি সাংসদ পরিষ্কার করে দিয়েছেন বিজেপিতেই থাকবেন তারা, বিজেপিতে থেকে তৃণমূলের বিরুদ্ধে লড়বেন আগের মতোই করেই। বরং মুকুল রায়ের ভূমিকা নিয়ে প্রশ্ন তুলে সৌমিত্র খা বলেছেন, মনে করছি আমার পিতৃ বিয়োগ হয়েছে। তাই মাথা মুণ্ডন করে শ্রদ্ধা করবো।মুকুল রায়কে সুবিধাবাদি রাজনীতিক হিসেবেও মনে করেন মুকুল রায়ের হাত ধরেই রাজনীতিতে আসা অর্জুন সিং। মুকুল রায়কে মির্জাফর বলে মন্তব্য করেন মুকুল ঘনিষ্ঠ এই নেতা।তবে বিভিন্ন সূত্র বলছে, মুকুল রায়ের পর তৃণমূল কংগ্রেসে ফিরতে পারেন রাজীব বন্দ্যোপাধ্যায়, প্রবীর ঘোষাল সহ দুজন বিজেপি সাংসদ ও আরও কয়েকজন বিধায়কও। এদের মধ্যে বনগাঁর বিজেপি বিধায়ক শান্তুনু ঠাকুরের নাম বেশ জোরের সঙ্গে শোনা যাচ্ছে। তৃণমূলে ফিরতে পারেন জগন্নাথ সরকার নামের আরও একজন বিজেপি সাংসদও। তারাও মুকুল রায় ঘনিষ্ঠ বলেই পরিচিত। যদিও তারা দুজনই এমন জল্পনা উড়িয়ে দিচ্ছেন।ওদিকে রাজ্য বিজেপি সভাপতি দিলীপ ঘোষ তৃণমূলে ফেরার প্রশ্নে মুকুল রায়কে তীব্র কটাক্ষ করেছেন। শনিবার (১২ জুন) সাংবাদিকদের প্রশ্নের উত্তরে তিনি বলেন, কারও কারও দল বদল করাটা অভ্যাসে পরিণত হয়েছে। মুকুল রায় বিজেপিতে থাকার সময়ও কিছু হয়নি তাই চলে গেলেও কিছু হবে না বলেও মন্তব্য করেছেন দিলীপ ঘোষ।তৃণমূল ছেড়ে যাওয়া বর্তমান বিজেপি নেতাদের মধ্যে তৃণমূলে ফেরানোর সুযোগ একমাত্র তাদেরই হবে যারা নির্বাচনের প্রচারে মমতা কিংবা তৃণমূলের বিরুদ্ধে কুকথা বলেননি কিংবা কম বলেছেন। শুক্রবার মুকুল রায়ের তৃণমূলের ফেরার অনুষ্ঠানে পরিষ্কারভাবে সেই আভাস দিয়েছেন তৃণমূল সভানেত্রী তথা মুখ্যমন্ত্রী মমতা বন্দ্যোপাধ্যায়।২ মে ভোটের ফল প্রকাশ করার পরই রাজ্য বিজেপির অভ্যন্তরে তৃণমূল থেকে বিজেপি যাওয়া নেতারাই সবচেয়ে বেশি বিজেপি নেতৃত্বের বিরুদ্ধে সরব হয়েছেন। তবে মুকুল রায় তাদের মধ্যে ব্যতিক্রম। কারণ তিনি কোনও ধরনের মন্তব্য করেননি। তবে বিধানসভায় যেদিন নিজে শপথ নিতে গিয়েছিলেন সেদিন তৃণমূল নেতাদের সঙ্গে ব্যক্তিগত স্তরে আলোচনা করে মুকুল রায় প্রথম জল্পনা বাড়িয়েছিলেন। শুধু তাই নয়, সেদিন তিনি বিজেপি ছাড়ার প্রশ্নে বলেছিলেন, যখন তিনি কোনও সিদ্ধান্ত নেবেন সেটা সেদিনই পরিষ্কারভাবে জানাবেন। শুক্রবার কিন্তু মুকুল রায়কে সেই রকমই পরিষ্কারভাবেই বিজেপি ছাড়ার ঘোষণা দিয়ে তৃণমূলে ফিরতে দেখা গেল।তবে তৃণমূলের আগের মতো দ্বিতীয় শক্তিধর ব্যক্তির জায়গা যে মুকুল রায় আর পাবেন না, সেটা তার কাছেও পরিষ্কার হয়ে গিয়েছে। কারণ এই মুহূর্তে তার জায়গায়ে রয়েছেন তারই পুত্রসম অভিষেক বন্দ্যোপাধ্যায়। বিজেপির থেকে মুকুল রায়কে তৃণমূলে ফেরানোর রাস্তা কিন্তু এই অভিষেক বন্দ্যোপাধ্যায়ই তৈরি করেছিলেন বলে মনে করা হয়।সব মিলিয়ে মুকুল রায়ের তৃণমূলে ফেরা নিয়ে তুমুল জল্পনার ঝড় বইতে শুরু করেছে এপার বাংলায়।",1
https://somoynews.tv/news/2021-06-12/%E0%A6%AA%E0%A7%8D%E0%A6%B0%E0%A6%BE%E0%A6%B0%E0%A7%8D%E0%A6%A5%E0%A6%BF%E0%A6%A4%E0%A6%BE%E0%A7%9F-%E0%A6%95%E0%A7%87%E0%A6%A8-%E0%A6%85%E0%A6%AF%E0%A7%8B%E0%A6%97%E0%A7%8D%E0%A6%AF--%E0%A6%9C%E0%A6%BE%E0%A6%A8%E0%A6%A4%E0%A7%87-%E0%A6%9A%E0%A6%BE%E0%A6%87%E0%A6%B2%E0%A7%87%E0%A6%A8-%E0%A6%86%E0%A6%B2%E0%A7%80-%E0%A6%B2%E0%A6%BE%E0%A6%B0%E0%A6%BF%E0%A6%9C%E0%A6%BE%E0%A6%A8%E0%A6%BF,"প্রার্থিতায় কেন অযোগ্য, জানতে চাইলেন আলী লারিজানি","আন্তর্জাতিক ডেস্ক","আন্তর্জাতিক"," ১২ জুন, ২০২১","N/A","প্রার্থীদের মধ্যে আরও আছেন, সাবেক পরমাণু আলোচক সাঈদ জালিলি, বিপ্লবী গার্ড বাহিনীর সাবেক প্রধান মোহসেন রেজাই ও কেন্দ্রীয় ব্যাংকের বর্তমান প্রধান আবদুল নাসের হেম্মাতি।","ইরানের আগামী প্রেসিডেন্ট নির্বাচনের প্রার্থী তালিকা থেকে বাদ পড়ার ব্যাখ্যা জানতে চেয়েছেন দেশটির পার্লামেন্টের সাবেক স্পিকার আলী লারিজানি।শনিবার (১২ জুন) এক টুইটবার্তায় তিনি বলেন, আমাকে কেন প্রার্থী হিসেবে অযোগ্য ঘোষণা করা হয়েছে, প্রকাশ্য ও স্বচ্ছভাবে সেই ব্যাখ্যা জানাতে সম্মানিত গার্ডিয়ান কাউন্সিলের (সুরা নেগাহবান) কাছে আনুষ্ঠানিক অনুরোধ জানাচ্ছি।-খবর রয়টার্সেরগত মাসে সাতজনকে প্রার্থী হিসেবে বাছাই করে বাকিদের বাদ দেওয়া হয়েছে। যাদের অযোগ্য ঘোষণা করা হয়েছে, তাদের মধ্যে অনেক সুপরিচিত ও প্রখ্যাত ব্যক্তিত্বও রয়েছেন। সাবেক প্রেসিডেন্ট মাহমুদ আহমাদিনেজাদ ও আলী লারিজানিকেও অযোগ্য ঘোষণা করা হয়েছে।আগামী শুক্রবার শিয়াসংখ্যাগরিষ্ঠ দেশটিতে প্রেসিডেন্ট নির্বাচন হতে যাচ্ছে।এভাবে জনপ্রিয় ও শক্তিশালী প্রার্থীদের বাদ দেওয়ায় দেশটির সাবেক বিচারবিভাগীয় প্রধান ইব্রাহীম রইসির বিজয়ের সম্ভাবনা বেড়েছে। রইসিকে দেশটির শীর্ষ ধর্মীয় নেতা আয়াতুল্লাহ আলী খামেনির ঘনিষ্ঠ হিসেবে বিবেচনা করা হচ্ছে।কিন্তু এতে কেন্দ্রে ভোটার উপস্থিতি উল্লেখযোগ্যভাবে কমে যেতে পারে। এছাড়া মার্কিন নিষেধাজ্ঞায় নেতিয়ে পড়া অর্থনীতিকে ঘিরে জন অসন্তোষ বাড়তে পারে বলেও উদ্বেগ রয়েছে।প্রার্থীদের মধ্যে রয়েছেন, সাবেক পরমাণু আলোচক সাঈদ জালিলি, বিপ্লবী গার্ড বাহিনীর সাবেক প্রধান মোহসেন রেজাই ও কেন্দ্রীয় ব্যাংকের বর্তমান প্রধান আবদুল নাসের হেম্মাতি। ",1
https://somoynews.tv/news/2021-06-12/%E0%A6%8F%E0%A6%AC%E0%A6%BE%E0%A6%B0%E0%A6%93-%E0%A6%B9%E0%A6%9C%E0%A7%87-%E0%A6%AF%E0%A7%87%E0%A6%A4%E0%A7%87-%E0%A6%AA%E0%A6%BE%E0%A6%B0%E0%A6%9B%E0%A7%87%E0%A6%A8-%E0%A6%A8%E0%A6%BE-%E0%A6%AC%E0%A6%BE%E0%A6%82%E0%A6%B2%E0%A6%BE%E0%A6%A6%E0%A7%87%E0%A6%B6%E0%A6%BF%E0%A6%B0%E0%A6%BE,"বাংলাদেশিরা এবারও হজে যেতে পারছেন না","আন্তর্জাতিক ডেস্ক","আন্তর্জাতিক"," ১২ জুন, ২০২১","N/A","এ বছর সবমিলিয়ে ৬০ হাজার মুসলমান হজ করতে পারবেন।","করোনা মহামারি প্রতিরোধে চলতি বছরে হজের নিবন্ধন সৌদি আরবের নাগরিক ও অধিবাসীদের মধ্যেই সীমিত করে রাখা হয়েছে। এতে দ্বিতীয়বারের মতো বাংলাদেশিরাও হজে যেতে পারছেন না।আরব নিউজ জানিয়েছে, এ বছর সবমিলিয়ে ৬০ হাজার মুসলমান হজ করতে পারবেন।শনিবার (১২ জুন) সৌদি সরকারের বরাতে বাংলাদেশের ধর্মপ্রতিমন্ত্রী ফরিদুল হক খান বলেন, কোভিড-১৯ মহামারি পরিস্থিতি বিবেচনায় এ বছরও সৌদি আরবের বাইরের কোনো দেশ থেকে হজযাত্রীরা হজের সুযোগ পাবেন না। সৌদি আরবের নাগরিক এবং সৌদি আরবে অবস্থানকারী অন্যান্য দেশের মুসলিমদের নিয়ে  সীমিত আকারে হজ পালিত হবে।প্রতিবছর দেশটির পবিত্র নগরী মক্কা ও মদিনায় সপ্তাহব্যাপী হজ পালনের জন্য ২৫ লাখের বেশি মানুষ সমবেত হতেন। এ থেকে প্রতিবছর ১ হাজার ২০০ কোটি মার্কিন ডলার আয় হতো উপসাগরীয় দেশটির।সৌদি সিংহাসনের উত্তরসূরি যুবরাজ মোহাম্মদ বিন সালমানের অর্থনৈতিক সংস্কার পরিকল্পনা অনুযায়ী দেশটি ২০২০ সাল নাগাদ ওমরাহ ও হজের জন্য আগত মুসল্লিদের সংখ্যা দুই কোটিতে উন্নীত করতে চেয়েছিল। আর ২০৩০ সালের মধ্যে এই সংখ্যা তিন কোটিতে নিয়ে যেতে চেয়েছিল তারা।এই পরিকল্পনা অনুযায়ী ২০৩০ সাল নাগাদ শুধু হজ থেকেই ৫০ বিলিয়ন রিয়াল (১৩ দশমিক ৩২ বিলিয়ন ডলার) আয়ের লক্ষ্য নির্ধারণ করেছিল সৌদি আরব।",1
https://somoynews.tv/news/2021-06-12/%E0%A6%AD%E0%A7%9F%E0%A6%BE%E0%A6%AC%E0%A6%B9-%E0%A6%86%E0%A6%97%E0%A7%81%E0%A6%A8%E0%A7%87-%E0%A6%9C%E0%A7%8D%E0%A6%AC%E0%A6%B2%E0%A6%9B%E0%A7%87-%E0%A6%A6%E0%A6%BF%E0%A6%B2%E0%A7%8D%E0%A6%B2%E0%A6%BF,"দিল্লিতে পোশাকের শোরুমে ভয়াবহ আগুন","আন্তর্জাতিক","আন্তর্জাতিক"," ১২ জুন, ২০২১","N/A","শনিবার সকাল ১০টা ২০ মিনিটে সেন্ট্রাল মার্কেটের আই-ব্লক থেকে ফোন করে অগ্নিকাণ্ডের খবর দেওয়া হয়। খবর পেয়েই ঘটনাস্থলে আসতে শুরু করে ফায়ার সার্ভিসের ইউনিট এবং অ্যাম্বুলেন্স।","দিল্লির লাজপথনগরের একটি পোশাকের শোরুমে ভয়াবহ অগ্নিকাণ্ডের ঘটনা ঘটেছে। শনিবার (১২ জুন) সকালে আগুনের সূত্রপাত। আগুন নেভাতে কাজ করছে ফায়ার সার্ভিসের ৩০টি ইউনিট। তবে এখনও আগুন নিয়ন্ত্রণে আনা সম্ভব হয়নি। কালো ধোয়া ছড়িয়ে পড়ায় উক্ত এলাকায় এখন চরম আতংক বিরাজ করছে।ভারতীয় সংবাদমাধ্যমগুলো জানিয়েছে, শনিবার সকাল ১০টা ২০ মিনিটে সেন্ট্রাল মার্কেটের আই-ব্লক থেকে ফোন করে অগ্নিকাণ্ডের খবর দেওয়া হয়। খবর পেয়েই ঘটনাস্থলে আসতে শুরু করে ফায়ার সার্ভিসের ইউনিট এবং অ্যাম্বুলেন্স। প্রথমে ১৬টি ইঞ্জিন আগুন নেভানোর চেষ্টা করে। কিন্তু আগুন ক্রমেই ছড়িয়ে পড়ায় আরো ১৪টি ইঞ্জিন ঘটনাস্থলে পৌঁছায়।দিল্লির ফায়ার সার্ভিসের প্রধান অতুল নাগ বলেছেন, পোশাকের শোরুম থেকে আশপাশের এলাকায় খুব তাড়াতাড়ি আগুন ছড়িয়ে পড়ছে। সেই কারণেই পরিস্থিতি নিয়ন্ত্রণের বাইরে চলে গেছে। আমরা কাজ করে যাচ্ছি। সবাই চেষ্টা চালাচ্ছি আগুন নিয়ন্ত্রণে আনার।এখন পর্যন্ত এ ঘটনায় কোনো হতাহতের খবর পাওয়া যায়নি। তবে ভেতরে কারো আটকে থাকার আশঙ্কাও উড়িয়ে দেওয়া যাচ্ছে না। কিন্তু ঠিক কীভাবে আগুন লাগল, তার কারণ এখনো স্পষ্ট নয়।এদিকে গোটা ঘটনায় উদ্বেগ প্রকাশ করে মুখ্যমন্ত্রী অরবিন্দ কেজরিওয়াল বলেন, দ্রুত গতিতে আগুন নেভানোর কাজ চলছে। আমি গোটা পরিস্থিতির উপর লাগাতার নজর রাখছি।সূত্র : সংবাদ প্রতিদিন",1
https://somoynews.tv/news/2021-06-12/%E0%A6%AE%E0%A6%BE%E0%A6%A4%E0%A7%8D%E0%A6%B0-%E0%A7%A7%E0%A7%A8-%E0%A6%9F%E0%A6%BE%E0%A6%95%E0%A6%BE%E0%A7%9F-%E0%A6%AC%E0%A6%BE%E0%A7%9C%E0%A6%BF-%E0%A6%AC%E0%A6%BF%E0%A6%95%E0%A7%8D%E0%A6%B0%E0%A6%BF-%E0%A6%95%E0%A6%B0%E0%A6%9B%E0%A7%87-%E0%A6%B8%E0%A6%B0%E0%A6%95%E0%A6%BE%E0%A6%B0!,"মাত্র ১২ টাকায় বাড়ি!","আন্তর্জাতিক ডেস্ক","আন্তর্জাতিক"," ১২ জুন, ২০২১","N/A","সবুজে ঘেরা, চারপাশে অরণ্য, হাঙ্গেরির সীমানা ঘেঁষা লেগ্রাডে বর্তমানে মাত্র ২ হাজার ২৫০ জন বাসিন্দা থাকেন। আর এবার জনসংখ্যা বাড়াতে তাই শহরের পুরোনো পরিত্যক্ত বাড়ি বেচে দিচ্ছে সরকার।","শহরের পরিত্যক্ত বাড়ি মাত্র ১২ টাকায় বিক্রি করছে স্থানীয় সরকার। উত্তর ক্রোয়েশিয়ায় লেগ্রাড শহরের নতুন বাসিন্দাদের আকর্ষণ করতে এই উদ্যোগ নিয়েছে সরকার। কিন্তু এর পেছনে কী কারণ রয়েছে?  জানা গেছে, শতাব্দীর শুরু থেকে জনসংখ্যায় ব্যাপক হারে হ্রাস দেখা দিয়েছে লেগ্রাডে। অস্ট্রো-হাঙ্গেরির সাম্রাজ্য থেকে আলাদা হয়েছে এক সময়ে ক্রোয়েশিয়ার দ্বিতীয় বৃহত্তম জনবহুল শহর লেগ্রাড। নতুন সীমানা হয়ে কার্যত কোণঠাসা হয়ে গেছে শহরটি। তাই জনসংখ্যাতেও হ্রাস ঘটেছে।সবুজে ঘেরা, চারপাশে অরণ্য, হাঙ্গেরির সীমানা ঘেঁষা লেগ্রাডে বর্তমানে মাত্র ২ হাজার ২৫০ জন বাসিন্দা থাকেন। আর এবার জনসংখ্যা বাড়াতে তাই শহরের পুরনো পরিত্যক্ত বাড়ি বেচে দিচ্ছে সরকার।প্রথম দফায় ১৯ টি ফাঁকা বাড়ি মাত্র ১২ টাকায় বিক্রির সিদ্ধান্ত নেয় সরকার। এখনও পর্যন্ত ১৭টি বাড়িই বিক্রি হয়ে গেছে। বাড়িগুলোর কোনোটি প্রায় ভেঙে গেছে, আবার কোনোটি জানলা-দরজাবিহীন।যদিও শহরের মেয়র ইভান স্যাবোলিক জানান, বাড়িগুলো বসবাসের যোগ্য করে তুলতে সাড়ে তিন লাখ টাকা করে দেবে সরকার। যদিও যারা বাড়ি কিনবেন তাদের জন্য কিছু শর্ত রেখেছে প্রশাসন। ক্রেতাদের আর্থিকভাবে সচ্ছল হতে হবে এবং বয়সও হতে হবে ৪০ এর নিচে। কমপক্ষে ১৫ বছর তাদের ঐ শহরে থাকতেই হবে বলে জানিয়েছে প্রশাসন।    ",1
https://somoynews.tv/news/2021-06-12/%E0%A6%AE%E0%A7%81%E0%A6%B8%E0%A6%B2%E0%A6%BF%E0%A6%AE%E0%A6%A6%E0%A7%87%E0%A6%B0-%E0%A6%A8%E0%A6%BF%E0%A7%9F%E0%A7%87-%E0%A6%AC%E0%A6%BF%E0%A6%A4%E0%A6%B0%E0%A7%8D%E0%A6%95%E0%A6%BF%E0%A6%A4-%E0%A6%AE%E0%A6%A8%E0%A7%8D%E0%A6%A4%E0%A6%AC%E0%A7%8D%E0%A6%AF-%E0%A6%86%E0%A6%B8%E0%A6%BE%E0%A6%AE%E0%A7%87%E0%A6%B0-%E0%A6%AE%E0%A7%81%E0%A6%96%E0%A7%8D%E0%A6%AF%E0%A6%AE%E0%A6%A8%E0%A7%8D%E0%A6%A4%E0%A7%8D%E0%A6%B0%E0%A7%80%E0%A6%B0,"মুসলিমদের নিয়ে বিতর্কিত মন্তব্য আসামের মুখ্যমন্ত্রীর","আন্তর্জাতিক ডেস্ক","আন্তর্জাতিক"," ১২ জুন, ২০২১","N/A","আসামের অভিবাসী মুসলিমদের সঠিকভাবে পরিবার পরিকল্পনা করতে হবে বলে বিতর্কিত মন্তব্য করে সমালোচনার জন্ম দিয়েছেন প্রদেশটির মুখ্যমন্ত্রী হিমন্ত বিশ্বশর্মা। এ বিষয়ে তার সরকার সংখ্যালঘু মুসলিমদের সঙ্গে কাজ করতে চায়। এদিকে এমন সাম্প্রদায়িক মন্তব্যে সমালোচনার ঝড় উঠেছে ভারতে।","আসামের অভিবাসী মুসলিমদের সঠিকভাবে পরিবার পরিকল্পনা করতে হবে বলে বিতর্কিত মন্তব্য করে সমালোচনার জন্ম দিয়েছেন প্রদেশটির মুখ্যমন্ত্রী হিমন্ত বিশ্বশর্মা। এ বিষয়ে তার সরকার সংখ্যালঘু মুসলিমদের সঙ্গে কাজ করতে চায়। এদিকে এমন সাম্প্রদায়িক মন্তব্যে সমালোচনার ঝড় উঠেছে ভারতে।শুক্রবার (১১ জুন) আসামের রাজধানী গৌহাটিতে সংবাদ সম্মেলনে এক প্রশ্নের জবাবে বিশ্বশর্মা ওই মুসলিমবিদ্বেষী মন্তব্য করেন।  সংবাদ সম্মেলনে তিনি বলেন, ‘রাজ্যের অভিবাসী মুসলিমদের সঠিকভাবে পরিবার পরিকল্পনা করতেই হবে। এ বিষয়ে সরকার সংখ্যালঘুদের সঙ্গে কাজ করতে চায়। মুসলিমরা জনসংখ্যা নিয়ন্ত্রণ না করলে কামাখ্যা মন্দিরের জমিও জবরদখল হয়ে যেতে পারে।’বিশ্বশর্মা আরও বলেন, ‘জনসংখ্যার বিস্ফোরণ রুখতে আমরা সংখ্যালঘু মুসলিমদের নিয়ে কাজ করতে চাই। দারিদ্র্য, জবরদখলের মতো সামাজিক সমস্যার মূলে এই জনসংখ্যা। অভিবাসী মুসলিমরা যদি জনসংখ্যা নিয়ন্ত্রণের লক্ষ্যে সঠিক পরিবার পরিকল্পনা করেন, তাহলে আমরা অনেক সমস্যার সমাধান করতে পারি। এটা তাদের প্রতি আমার অনুরোধ।’এদিকে হিমন্ত বিশ্বশর্মার এমন মন্তব্যের বিরোধিতা করে আসামের গণতান্ত্রিক যুক্তফ্রন্টের সাধারণ সম্পাদক ও বিধায়ক আমিনুল ইসলাম বলেন, ‘রাজনৈতিক উদ্দেশ্যপ্রণোদিত হয়ে একটি নির্দিষ্ট জনগোষ্ঠীকে টার্গেট করে কথা বলেছেন মুখ্যমন্ত্রী।সূত্র- ইন্ডিয়া টুডে",1
https://somoynews.tv/news/2021-06-12/%E0%A6%85%E0%A6%AC%E0%A6%B6%E0%A7%87%E0%A6%B7%E0%A7%87-%E0%A6%9C%E0%A6%BE%E0%A6%A4%E0%A6%BF%E0%A6%B8%E0%A6%82%E0%A6%98%E0%A7%87-%E0%A6%AD%E0%A7%8B%E0%A6%9F%E0%A6%BE%E0%A6%A7%E0%A6%BF%E0%A6%95%E0%A6%BE%E0%A6%B0-%E0%A6%AB%E0%A6%BF%E0%A6%B0%E0%A7%87-%E0%A6%AA%E0%A7%87%E0%A6%B2-%E0%A6%87%E0%A6%B0%E0%A6%BE%E0%A6%A8,"অবশেষে জাতিসংঘে ভোটাধিকার ফিরে পেল ইরান","আন্তর্জাতিক","আন্তর্জাতিক"," ১২ জুন, ২০২১","N/A","জাতিসংঘ সাধারণ পরিষদে ভোটাধিকার ফিরে পেয়েছে ইরান। এক কোটি ৬২ লাখ ডলার বার্ষিক বকেয়া চাঁদা পরিশোধ করার মাধ্যমে ইরান এই ভোটাধিকার ফিরে পেল।"," শুক্রবার (১১ জুন) জাতিসংঘে নিযুক্ত ইরানের রাষ্ট্রদূত মাজিদ তাখতে রাভাঞ্চি টুইটার পোস্টে বলেন, মার্কিন একতরফা ও অবৈধ নিষেধাজ্ঞার কারণে চাঁদার টাকা পরিশোধ করতে দেরি হওয়ায় এই জটিলতা তৈরি হয়েছিল।তিনি অভিযোগ করে আরও বলেন, মার্কিন নিষেধাজ্ঞার কারণে জনগণ শুধু জরুরি পণ্য ও ওষুধ কেনার অধিকার থেকে বঞ্চিত হয়েছে।ইরানের রাষ্ট্রদূত বলেন, তার দেশের ওপর থেকে সব অমানবিক নিষেধাজ্ঞা এখন তুলে নিতে হবে।এর আগে জাতিসংঘের প্রেসিডেন্ট ভলকান বোযকির জানিয়েছেন, বিশ্ব সংস্থা ইরানের কাছ থেকে চাঁদার টাকা হাতে পেয়েছে যার কারণে ইরানের ভোটাধিকারও পুনঃপ্রতিষ্ঠা হয়েছে। সূত্র: পার্সটুডে।",1
https://somoynews.tv/news/2021-06-12/%E0%A6%AC%E0%A6%BF%E0%A6%A8%E0%A6%BE-%E0%A6%85%E0%A6%A8%E0%A7%81%E0%A6%AE%E0%A6%A4%E0%A6%BF%E0%A6%A4%E0%A7%87-%E0%A6%8F%E0%A6%95%E0%A6%BE%E0%A6%87-%E0%A6%AC%E0%A6%B8%E0%A6%AC%E0%A6%BE%E0%A6%B8-%E0%A6%95%E0%A6%B0%E0%A6%A4%E0%A7%87-%E0%A6%AA%E0%A6%BE%E0%A6%B0%E0%A6%AC%E0%A7%87%E0%A6%A8-%E0%A6%B8%E0%A7%8C%E0%A6%A6%E0%A6%BF-%E0%A6%A8%E0%A6%BE%E0%A6%B0%E0%A7%80%E0%A6%B0%E0%A6%BE,"বিনা অনুমতিতে একাই বসবাস করতে পারবেন সৌদি নারীরা","আন্তর্জাতিক ডেস্ক","আন্তর্জাতিক"," ১২ জুন, ২০২১","N/A","প্রাপ্তবয়স্ক যে কোনো নারী তাদের পুরুষ অভিভাবকের অনুমতি ছাড়াই সৌদি আরবে একা বসবাস করতে পারবেন। বুধবার (৯ জুন) মধ্যপ্রাচ্যভিত্তিক সংবাদমাধ্যম গালফ নিউজ এক প্রতিবেদনে জানায়, বিবাহিত, অবিবাহিত ও সেপারেটেড যে কোনো নারী চাইলে একা একাই নিজের পছন্দের বাড়িতে থাকতে পারবেন। এ ক্ষেত্রে তাদের প্রয়োজন হবে না স্বামী, বাবা ও অন্য কোনো পুরুষের অনুমতি।","গালফ নিউজ জানায়, সম্প্রতি সৌদি আরব কর্তৃপক্ষ দেশটির শরিয়াহ আইনের আর্টিকেল ১৬৯-এর বি ধারাটি বাতিল করে। যেখানে লেখা ছিল বিবাহিত, অবিবাহিত ও সেপারেটেড নারীদের তাদের পুরুষ অভিভাবকের অধীন থাকতে হবে। নতুন আইন অনুযায়ী যে কোনো প্রাপ্তবয়স্ক নারীর আলাদা থাকার অধিকার রয়েছে। এ ক্ষেত্রে পুরুষ অভিভাবক তার বিরুদ্ধে কোনো ধরনের অভিযোগ করতে পারবেন না।আইনটিতে আরও বলা হয়েছে, যদি কোনো নারী দণ্ডপ্রাপ্ত হয় এবং সাজার মেয়াদ শেষ হলে যদি ওই নারী না চান তাহলে কারাগার থেকে তাকে অভিভাবকের হাতে সোপর্দ করা হবে না। এ বিষয়ে নাঈফ আল মানসি নামের এক আইনজীবী বলেন, একজন প্রাপ্তবয়স্ক নারী কোথায় থাকবেন, সে ব্যাপারে সিদ্ধান্ত নেওয়ার অধিকার তার রয়েছে। কেউ যদি একা থাকতে চায় পরিবারও তার বিরুদ্ধে কোনো অভিযোগ দায়ের করতে পারবে না।দীর্ঘদিন ধরে সৌদি আরবের প্রচলিত নিয়ম ছিল, প্রত্যেক নারীকে একজন পুরুষের অধীনে থাকতে হবে। যিনি হবেন তার স্বামী, ভাই, ছেলে, বাবা অথবা চাচা। সৌদি আরবের যুবরাজ মোহাম্মদ বিন সালমানের পরামর্শে দেশটি ভিশন-২০৩০ বাস্তবায়ন নিয়ে কাজ করছে। সেই লক্ষ্যে এসব বাধা তুলে দিচ্ছে সৌদি আরব।
 ",1
https://somoynews.tv/news/2021-06-12/%E0%A6%B0%E0%A7%8B%E0%A6%B9%E0%A6%BF%E0%A6%99%E0%A7%8D%E0%A6%97%E0%A6%BE-%E0%A6%87%E0%A6%B8%E0%A7%8D%E0%A6%AF%E0%A7%81%E0%A6%A4%E0%A7%87-%E0%A6%AF%E0%A7%81%E0%A6%95%E0%A7%8D%E0%A6%A4%E0%A6%B0%E0%A6%BE%E0%A6%B7%E0%A7%8D%E0%A6%9F%E0%A7%8D%E0%A6%B0%E0%A7%87%E0%A6%B0-%E0%A6%B8%E0%A6%B9%E0%A6%BE%E0%A7%9F%E0%A6%A4%E0%A6%BE-%E0%A6%A5%E0%A6%BE%E0%A6%95%E0%A6%AC%E0%A7%87--%E0%A6%9A%E0%A6%BE%E0%A6%95-%E0%A6%B6%E0%A7%81%E0%A6%AE%E0%A6%BE%E0%A6%B0,"রোহিঙ্গা ইস্যুতে যুক্তরাষ্ট্রের সহায়তা থাকবে: চাক শুমার","আন্তর্জাতিক ডেস্ক","আন্তর্জাতিক"," ১২ জুন, ২০২১","N/A","রোহিঙ্গা ইস্যুতে যুক্তরাষ্ট্রের সহায়তা অব্যাহত থাকবে বলে জানিয়েছেন নিউইয়র্ক থেকে নির্বাচিত সিনেটর চাক শুমার। তিনি বলেন, রোহিঙ্গাদের আশ্রয় দিয়ে বাংলাদেশ মানবিকতার উজ্জ্বল দৃষ্টান্ত স্থাপন করেছে। এই শরণার্থীদের নিজ দেশে ফেরত পাঠানোর ব্যাপারে যা যা করা দরকার যুক্তরাষ্ট্র তাই করবে।"," শুক্রবার  নিউইয়র্কের জ্যামাইকায় বাংলাদেশি আমেরিকান সোসাইটির মতবিনিময় সভায় প্রধান অতিথির বক্তব্যে তিনি এসব কথা বলেন।শুক্রবার (১১ জুন) বাংলাদেশি আমেরিকান সোসাইটির এক অনুষ্ঠানে যোগ দেন মার্কিন কংগ্রেসের মেজরিটি লিডার সিনেটর চাক শুমার। তিনি বাংলাদেশি ও অভিবাসীদের স্বার্থসংশ্লিষ্ট বিভিন্ন ইস্যুতে কথা বলেন। বাংলাদেশ যেন আরও বেশি সংখ্যক করোনার টিকা পায় এ জন্য তিনি বাইডেন প্রশাসনের সঙ্গে আলোচনা করবেন বলেও জানিয়েছেন।তিনি বলেন, ইমিগ্রেন্টদের কষ্ট আমি বুঝি। যুক্তরাষ্ট্র আসা ইমিগ্রেন্টদের সমস্যা সমাধানে সব কিছু করা হবে বলেও জানিয়েছেন যুক্তরাষ্ট্রর এ বর্ষীয়ান রাজনীতিক।চাক শুমার বলেন, আমি এই কমিউনিটির (বাংলাদেশি আমেরিকান সোসাইটি) মানুষকে ভালোবাসি। এই কমিউনিটির মানুষ খুবই পরিশ্রমী।দীর্ঘ ৫৫ বছরের রাজনৈতিক জীবনে চাক শুমার এই নিয়ে দুবার বাংলাদেশি কমিউনিটির অনুষ্ঠানে যোগ দিলেন।",1
https://somoynews.tv/news/2021-06-12/%E0%A6%B6%E0%A6%A4%E0%A7%8D%E0%A6%B0%E0%A7%81%E0%A6%A4%E0%A6%BE%E0%A6%B0-%E0%A6%9C%E0%A7%87%E0%A6%B0%E0%A7%87-%E0%A6%B9%E0%A6%BE%E0%A6%B8%E0%A6%AA%E0%A6%BE%E0%A6%A4%E0%A6%BE%E0%A6%B2%E0%A7%87-%E0%A6%A2%E0%A7%81%E0%A6%95%E0%A7%87-%E0%A6%B0%E0%A7%8B%E0%A6%97%E0%A7%80%E0%A6%B0-%E0%A6%97%E0%A6%BE%E0%A7%9F%E0%A7%87-%E0%A6%86%E0%A6%97%E0%A7%81%E0%A6%A8--%E0%A6%B8%E0%A6%BF%E0%A6%B8%E0%A6%BF%E0%A6%9F%E0%A6%BF%E0%A6%AD%E0%A6%BF%E0%A6%A4%E0%A7%87-%E0%A6%A7%E0%A6%B0%E0%A6%BE,"হাসপাতালে ঢুকে রোগীর গায়ে আগুন, সিসিটিভিতে ধরা","আন্তর্জাতিক","আন্তর্জাতিক"," ১২ জুন, ২০২১","N/A","মিলন হাসপাতালে ঢুকে এক কোনায় এসে আগুন ধরান। এরপরই দামোদরের কাছে গিয়ে তার গায়ে আগুন লাগিয়ে দেন। গায়ে আগুন লাগতেই সেখান থেকে বেরোনোর চেষ্টা করেন দামোদর। মিলনকেও তখন সেখানে থেকে পালাতে দেখা যায়।","ভারতের মধ্যপ্রদেশে ‍দুজন ব্যক্তি মারামারি করে আহত হয়ে একজন চিকিৎসা নিতে হাসপাতালে এসেছিলেন। কিন্তু সেখানেও রক্ষা হলো না। হাসপাতালে ঢুকে আহত ব্যক্তির গায়ে আগুন লাগিয়ে দিলেন অপর ব্যক্তি। পূর্বশত্রুতার জেরে ওই ব্যক্তির গায়ে আগুন ধরিয়ে দেওয়ার ভয়ংকর এ ঘটনা হাসপাতালের সিসিটিভিতে ধরা পড়েছে।এ ঘটনায় পুলিশ অভিযুক্ত মিলন মাচে রজককে গ্রেপ্তার করেছে বলে জানিয়েছে আনন্দবাজার পত্রিকা। তার বিরুদ্ধে ভারতীয় দণ্ডবিধির ৩০৭ ধারায় (খুনের চেষ্টা) মামলা দায়ের করেছে পুলিশ।ওই সংবাদমাধ্যমের প্রতিবেদনে বলা হয়, বুন্দেলখণ্ড মেডিকেল কলেজ হাসপাতালে আগুনে পুড়ে যাওয়া দামোদর করির চিকিৎসা চলছে। আগুনের ক্ষত থাকলেও চিকিৎসকরা জানিয়েছেন তার অবস্থা এখন স্থিতিশীল।সিসিটিভি ফুটেজে দেখা যাচ্ছে, মিলন হাসপাতালে ঢুকে এদিক-ওদিক দেখছিলেন। তারপর এক কোনায় এসে আগুন ধরান। এরপরই দামোদরের কাছে গিয়ে তার গায়ে আগুন লাগিয়ে দেন। গায়ে আগুন লাগতেই সেখান থেকে বেরোনোর চেষ্টা করেন দামোদর। মিলনকেও তখন সেখানে থেকে পালাতে দেখা যায়।ঘটনা নিয়ে রাজ্যের সাগর জেলার অতিরিক্ত পুলিশ সুপার বিক্রম কুশওয়া বলেছেন, ‘অভিযুক্ত আগুন ধরানোর জন্য পেট্রল ব্যবহার করেছিল। সিসিটিভি ফুটেজ এবং আহতের বক্তব্যের ভিত্তিতে মিলনকে আটক করা হয়েছে। তাকে জিজ্ঞাসাবাদ করা হচ্ছে।’",1
https://somoynews.tv/news/2021-06-12/%E0%A6%AB%E0%A7%87%E0%A6%B2%E0%A7%87-%E0%A6%A6%E0%A7%87%E0%A7%9F%E0%A6%BE-%E0%A6%B9%E0%A6%AC%E0%A7%87-%E0%A6%9C%E0%A6%A8%E0%A6%B8%E0%A6%A8%E0%A7%87%E0%A6%B0-%E0%A6%9B%E0%A7%9F-%E0%A6%95%E0%A7%8B%E0%A6%9F%E0%A6%BF-%E0%A6%9F%E0%A6%BF%E0%A6%95%E0%A6%BE%E0%A6%B0-%E0%A6%A1%E0%A7%8B%E0%A6%9C,"ফেলে দেওয়া হবে জনসনের ছয় কোটি টিকার ডোজ","আন্তর্জাতিক ডেস্ক","আন্তর্জাতিক"," ১২ জুন, ২০২১","N/A","জনসন অ্যান্ড জনসনকে ছয় কোটি টিকার ডোজে ফেলে দিতে বলেছে মার্কিন যুক্তরাষ্ট্রের খাদ্য ও ওষুধ প্রশাসন (এফডিএ)। খবর নিউইয়র্ক টাইমসের।","পাশাপাশি জনসন অ্যান্ড জনসনের দুই ব্যাচের এক কোটি টিকা প্রয়োগের জন্য অনুমোদনও দিয়েছে এফডিএ।মার্কিন এফডিএ জানিয়েছে, ইমারজেন্ট বায়োসলিউশন ইনকরপোরেশনের প্ল্যান্টে উৎপাদিত টিকাকে এখনই অনুমোদন দেওয়া হচ্ছে না। এর আগে এপ্রিলে জনসন অ্যান্ড জনসন বাল্টিমোর সাইটে টিকার উৎপাদন বন্ধ করেছিল। কারণ সেই একই সাইটে অ্যাস্ট্রাজেনেকার টিকার উপকরণের উৎপাদন চলছিল। যার জেরে জনসনের টিকার ডোজের সেই ব্যাচে অপ্রয়োজনীয় উপকরণ মিশে তা নষ্ট করে দিয়েছিল।কয়েক দিন আগে দ্য ওয়াল স্ট্রিট জার্নালে বলা হয়েছিল, ফিলাডেলফিয়াতে মজুত থাকা জনসন অ্যান্ড জনসনের ৪২ হাজার ডোজের মেয়াদ শেষের পথে। এ ছাড়া পেনসিলভেনিয়া, ওহাও, ওকলাহোমা, আরকানসাসেও প্রচুর টিকার ডোজ মজুত রয়েছে যেগুলির মেয়াদও দ্রুত শেষ হবে।যুক্তরাষ্ট্রে জনসন অ্যান্ড জনসনের ২ কোটি ১৪ লাখ ডোজের মাত্র অর্ধেক ডোজ জনগণকে দেওয়া হয়েছে।",0
https://somoynews.tv/news/2021-06-12/%E0%A6%AB%E0%A6%BF%E0%A6%B2%E0%A6%BF%E0%A6%B8%E0%A7%8D%E0%A6%A4%E0%A6%BF%E0%A6%A8%E0%A6%BF-%E0%A6%95%E0%A6%BF%E0%A6%B6%E0%A7%8B%E0%A6%B0%E0%A6%95%E0%A7%87-%E0%A6%97%E0%A7%81%E0%A6%B2%E0%A6%BF-%E0%A6%95%E0%A6%B0%E0%A7%87-%E0%A6%B9%E0%A6%A4%E0%A7%8D%E0%A6%AF%E0%A6%BE,"ফিলিস্তিনি কিশোরকে গুলি করে হত্যা","আন্তর্জাতিক ডেস্ক","আন্তর্জাতিক"," ১২ জুন, ২০২১","N/A","অবরুদ্ধ পশ্চিম তীরের বেইতা এলাকায় ইসরায়েলি সেনার গুলিতে এক কিশোর নিহত হয়েছে। শুক্রবার (১১ জুন) প্যালেস্টিনিয়ান রেড ক্রিসেন্ট জানায়, মোহাম্মাদ সাইদ হামায়েল নামে ওই কিশোর বেইতা এলাকায় অনুষ্ঠিত এক বিক্ষোভে নিহত হয়।","ফিলিস্তিনের স্বাস্থ্য মন্ত্রণালয় জানিয়েছে, অবৈধ ইহুদি স্থাপনা সম্প্রসারণের প্রতিবাদে বিক্ষোভকারীদের সঙ্গে ইসরায়েলি বাহিনীর সংঘর্ষে আরও ছয় ফিলিস্তিনি আহত হয়েছে।ফিলিস্তিনি বার্তা সংস্থা ওয়াফা জানিয়েছে, ইসরায়েলি সেনারা বিক্ষোভকারীদের ওপর গুলি, টিয়ারশেল, রাবার আবৃত স্টিল পেলেট নিক্ষেপ করেছে।বেইতা এলাকায় গত কয়েক মাস ধরে বিক্ষোভ চলছে। সেখানে বসবাসরত ১৭টি ফিলিস্তিনি পরিবারের শতাধিক মানুষের জীবন-জীবিকা হুমকির মুখে। ইসরায়েলি চৌকির কারণে তাদের আয়ের প্রধান উৎস জলপাইয়ের চাষাবাদ ব্যাহত হচ্ছে। ",1
